candidate_phrase,normalized_phrase,query,occurrence_count,source_count,evidence_id,source_id,source_title,author,page_number,heading,matched_raw_terms,matched_registered_terms,proximity_reason,first_seen_at,status
the image of god,the image of god,image of God,20,4,AQUINAS_SUMMA_EVID_01200_BODY_01,AQUINAS_SUMMA,Summa Theologica,Thomas Aquinas,1200,Article. 2 - Whether the image of God is to be found in irrational creatures?,god; image,god; image of god,image~image of god in heading (0); image~god in heading (4); god~image of god in heading (0); image~image of god in body (0),2026-09-04T17:19:48.899911+00:00,pending
and works its,and works its,faith and works,13,1,JOHN_OWEN_JUST_EVID_00381_BODY_01,JOHN_OWEN_JUST,The Doctrine of Justification by Faith,John Owen,381,Chapter XX. The doctrine of the apostle James concerning faith and works. Its agreement with that of St Paul.,faith; works,faith; works,faith~works in heading (5); works~faith in heading (5); faith~works in body (5); works~faith in body (5),2026-09-04T17:19:48.899911+00:00,pending
and works its agreement,and works its agreement,faith and works,13,1,JOHN_OWEN_JUST_EVID_00381_BODY_01,JOHN_OWEN_JUST,The Doctrine of Justification by Faith,John Owen,381,Chapter XX. The doctrine of the apostle James concerning faith and works. Its agreement with that of St Paul.,faith; works,faith; works,faith~works in heading (5); works~faith in heading (5); faith~works in body (5); works~faith in body (5),2026-09-04T17:19:48.899911+00:00,pending
and works its agreement with,and works its agreement with,faith and works,13,1,JOHN_OWEN_JUST_EVID_00381_BODY_01,JOHN_OWEN_JUST,The Doctrine of Justification by Faith,John Owen,381,Chapter XX. The doctrine of the apostle James concerning faith and works. Its agreement with that of St Paul.,faith; works,faith; works,faith~works in heading (5); works~faith in heading (5); faith~works in body (5); works~faith in body (5),2026-09-04T17:19:48.899911+00:00,pending
apostle james concerning faith,apostle james concerning faith,faith and works,13,1,JOHN_OWEN_JUST_EVID_00381_BODY_01,JOHN_OWEN_JUST,The Doctrine of Justification by Faith,John Owen,381,Chapter XX. The doctrine of the apostle James concerning faith and works. Its agreement with that of St Paul.,faith; works,faith; works,faith~works in heading (5); works~faith in heading (5); faith~works in body (5); works~faith in body (5),2026-09-04T17:19:48.899911+00:00,pending
concerning faith and works,concerning faith and works,faith and works,13,1,JOHN_OWEN_JUST_EVID_00381_BODY_01,JOHN_OWEN_JUST,The Doctrine of Justification by Faith,John Owen,381,Chapter XX. The doctrine of the apostle James concerning faith and works. Its agreement with that of St Paul.,faith; works,faith; works,faith~works in heading (5); works~faith in heading (5); faith~works in body (5); works~faith in body (5),2026-09-04T17:19:48.899911+00:00,pending
concerning faith and works its,concerning faith and works its,faith and works,13,1,JOHN_OWEN_JUST_EVID_00381_BODY_01,JOHN_OWEN_JUST,The Doctrine of Justification by Faith,John Owen,381,Chapter XX. The doctrine of the apostle James concerning faith and works. Its agreement with that of St Paul.,faith; works,faith; works,faith~works in heading (5); works~faith in heading (5); faith~works in body (5); works~faith in body (5),2026-09-04T17:19:48.899911+00:00,pending
faith and works its,faith and works its,faith and works,13,1,JOHN_OWEN_JUST_EVID_00381_BODY_01,JOHN_OWEN_JUST,The Doctrine of Justification by Faith,John Owen,381,Chapter XX. The doctrine of the apostle James concerning faith and works. Its agreement with that of St Paul.,faith; works,faith; works,faith~works in heading (5); works~faith in heading (5); faith~works in body (5); works~faith in body (5),2026-09-04T17:19:48.899911+00:00,pending
holy spirit,holy spirit,procession of the spirit,10,5,PHILIP_SCHAFF_HCC4_EVID_00438_BODY_01,PHILIP_SCHAFF_HCC4,"History of the Christian Church, Volume IV: Mediaeval Christianity. A.D. 590-1073",Philip Schaff,438,The Controversy on the Procession of the Holy Spirit,procession; spirit,,,2026-09-04T17:19:48.899911+00:00,pending
the holy spirit,the holy spirit,procession of the spirit,10,5,PHILIP_SCHAFF_HCC4_EVID_00438_BODY_01,PHILIP_SCHAFF_HCC4,"History of the Christian Church, Volume IV: Mediaeval Christianity. A.D. 590-1073",Philip Schaff,438,The Controversy on the Procession of the Holy Spirit,procession; spirit,,,2026-09-04T17:19:48.899911+00:00,pending
of original sin,of original sin,original sin,10,2,AQUINAS_NATURE_GRACE_EVID_00130_BODY_01,AQUINAS_NATURE_GRACE,Nature and Grace: Selections from the Summa Theologica of Thomas Aquinas,Thomas Aquinas,130,Art. 2: Whether there are Many Original Sins in One Man,original; sin,original sin; sin,original~original sin in heading (0); original~sin in heading (1); sin~original sin in heading (0); original~original sin in body (0),2026-09-04T17:19:48.899911+00:00,pending
whether original sin,whether original sin,original sin,10,2,AQUINAS_SUMMA_EVID_02333_BODY_01,AQUINAS_SUMMA,Summa Theologica,Thomas Aquinas,2333,Article. 3 - Whether original sin is concupiscence?,original; sin,original sin; sin,original~original sin in heading (0); original~sin in heading (1); sin~original sin in heading (0); original~original sin in body (0),2026-09-04T17:19:48.899911+00:00,pending
apostle james concerning faith and,apostle james concerning faith and,faith and works,10,1,JOHN_OWEN_JUST_EVID_00381_BODY_01,JOHN_OWEN_JUST,The Doctrine of Justification by Faith,John Owen,381,Chapter XX. The doctrine of the apostle James concerning faith and works. Its agreement with that of St Paul.,faith; works,faith; works,faith~works in heading (5); works~faith in heading (5); faith~works in body (5); works~faith in body (5),2026-09-04T17:19:48.899911+00:00,pending
of the holy spirit,of the holy spirit,procession of the spirit,8,4,PHILIP_SCHAFF_HCC4_EVID_00438_BODY_01,PHILIP_SCHAFF_HCC4,"History of the Christian Church, Volume IV: Mediaeval Christianity. A.D. 590-1073",Philip Schaff,438,The Controversy on the Procession of the Holy Spirit,procession; spirit,,,2026-09-04T17:19:48.899911+00:00,pending
image of god is,image of god is,image of God,8,2,AQUINAS_SUMMA_EVID_01200_BODY_01,AQUINAS_SUMMA,Summa Theologica,Thomas Aquinas,1200,Article. 2 - Whether the image of God is to be found in irrational creatures?,god; image,god; image of god,image~image of god in heading (0); image~god in heading (4); god~image of god in heading (0); image~image of god in body (0),2026-09-04T17:19:48.899911+00:00,pending
of god is,of god is,image of God,8,2,AQUINAS_SUMMA_EVID_01200_BODY_01,AQUINAS_SUMMA,Summa Theologica,Thomas Aquinas,1200,Article. 2 - Whether the image of God is to be found in irrational creatures?,god; image,god; image of god,image~image of god in heading (0); image~god in heading (4); god~image of god in heading (0); image~image of god in body (0),2026-09-04T17:19:48.899911+00:00,pending
the image of god is,the image of god is,image of God,8,2,AQUINAS_SUMMA_EVID_01200_BODY_01,AQUINAS_SUMMA,Summa Theologica,Thomas Aquinas,1200,Article. 2 - Whether the image of God is to be found in irrational creatures?,god; image,god; image of god,image~image of god in heading (0); image~god in heading (4); god~image of god in heading (0); image~image of god in body (0),2026-09-04T17:19:48.899911+00:00,pending
original sin is,original sin is,original sin,8,2,AQUINAS_SUMMA_EVID_02333_BODY_01,AQUINAS_SUMMA,Summa Theologica,Thomas Aquinas,2333,Article. 3 - Whether original sin is concupiscence?,original; sin,original sin; sin,original~original sin in heading (0); original~sin in heading (1); sin~original sin in heading (0); original~original sin in body (0),2026-09-04T17:19:48.899911+00:00,pending
sin is,sin is,original sin,8,2,AQUINAS_SUMMA_EVID_02333_BODY_01,AQUINAS_SUMMA,Summa Theologica,Thomas Aquinas,2333,Article. 3 - Whether original sin is concupiscence?,original; sin,original sin; sin,original~original sin in heading (0); original~sin in heading (1); sin~original sin in heading (0); original~original sin in body (0),2026-09-04T17:19:48.899911+00:00,pending
whether original sin is,whether original sin is,original sin,8,2,AQUINAS_SUMMA_EVID_02333_BODY_01,AQUINAS_SUMMA,Summa Theologica,Thomas Aquinas,2333,Article. 3 - Whether original sin is concupiscence?,original; sin,original sin; sin,original~original sin in heading (0); original~sin in heading (1); sin~original sin in heading (0); original~original sin in body (0),2026-09-04T17:19:48.899911+00:00,pending
as the image of,as the image of,image of God,7,1,LOUIS_BERKHOF_SYSTEMATICTHEOLOGY_EVID_00194_BODY_01,LOUIS_BERKHOF_SYSTEMATICTHEOLOGY,Systematic Theology,Louis Berkhof,194,III. Man as the Image of God,god; image,god; image of god,image~image of god in heading (0); image~god in heading (4); god~image of god in heading (0); image~image of god in body (0),2026-09-04T17:19:48.899911+00:00,pending
as the image of god,as the image of god,image of God,7,1,LOUIS_BERKHOF_SYSTEMATICTHEOLOGY_EVID_00194_BODY_01,LOUIS_BERKHOF_SYSTEMATICTHEOLOGY,Systematic Theology,Louis Berkhof,194,III. Man as the Image of God,god; image,god; image of god,image~image of god in heading (0); image~god in heading (4); god~image of god in heading (0); image~image of god in body (0),2026-09-04T17:19:48.899911+00:00,pending
image of god part,image of god part,image of God,7,1,LOUIS_BERKHOF_SYSTEMATICTHEOLOGY_EVID_00194_BODY_01,LOUIS_BERKHOF_SYSTEMATICTHEOLOGY,Systematic Theology,Louis Berkhof,194,III. Man as the Image of God,god; image,god; image of god,image~image of god in heading (0); image~god in heading (4); god~image of god in heading (0); image~image of god in body (0),2026-09-04T17:19:48.899911+00:00,pending
the image of god part,the image of god part,image of God,7,1,LOUIS_BERKHOF_SYSTEMATICTHEOLOGY_EVID_00194_BODY_01,LOUIS_BERKHOF_SYSTEMATICTHEOLOGY,Systematic Theology,Louis Berkhof,194,III. Man as the Image of God,god; image,god; image of god,image~image of god in heading (0); image~god in heading (4); god~image of god in heading (0); image~image of god in body (0),2026-09-04T17:19:48.899911+00:00,pending
whether the image of,whether the image of,image of God,7,1,AQUINAS_SUMMA_EVID_01200_BODY_01,AQUINAS_SUMMA,Summa Theologica,Thomas Aquinas,1200,Article. 2 - Whether the image of God is to be found in irrational creatures?,god; image,god; image of god,image~image of god in heading (0); image~god in heading (4); god~image of god in heading (0); image~image of god in body (0),2026-09-04T17:19:48.899911+00:00,pending
intellectual soul,intellectual soul,Animal soul,6,2,AQUINAS_SUMMA_EVID_00988_BODY_01,AQUINAS_SUMMA,Summa Theologica,Thomas Aquinas,988,Article. 3 - Whether besides the intellectual soul there are in man other souls essentially different from one another?,animal; soul,soul,animal~soul in body (6),2026-09-04T17:19:48.899911+00:00,pending
soul is,soul is,Animal soul,6,2,AQUINAS_SUMMA_EVID_00997_BODY_01,AQUINAS_SUMMA,Summa Theologica,Thomas Aquinas,997,Article. 7 - Whether the soul is united to the animal body by means of a body?,animal; soul,soul,animal~soul in heading (18); animal~soul in body (18),2026-09-04T17:19:48.899911+00:00,pending
the three persons,the three persons,relationship between three persons in trinity,6,2,AQUINAS_SUMMA_EVID_00590_BODY_01,AQUINAS_SUMMA,Summa Theologica,Thomas Aquinas,590,Article. 3 - Whether essential names should be predicated in the singular of the three persons?,persons; three; trinity,deity; essence; father; holy ghost; substance; three persons; trinity,three~three persons in heading (0); three~trinity in heading (49); persons~three persons in heading (0); persons~trinity in heading (37),2026-09-04T17:19:48.899911+00:00,pending
whether the image of god,whether the image of god,image of God,6,1,AQUINAS_SUMMA_EVID_01200_BODY_01,AQUINAS_SUMMA,Summa Theologica,Thomas Aquinas,1200,Article. 2 - Whether the image of God is to be found in irrational creatures?,god; image,god; image of god,image~image of god in heading (0); image~god in heading (4); god~image of god in heading (0); image~image of god in body (0),2026-09-04T17:19:48.899911+00:00,pending
image of god in,image of god in,image of God,5,2,AQUINAS_SUMMA_EVID_01205_BODY_01,AQUINAS_SUMMA,Summa Theologica,Thomas Aquinas,1205,Article. 5 - Whether the image of God is in man according to the Trinity of Persons?,god; image,god; image of god,image~image of god in heading (0); image~god in heading (4); god~image of god in heading (0); image~image of god in body (0),2026-09-04T17:19:48.899911+00:00,pending
the intellectual soul,the intellectual soul,Animal soul,5,1,AQUINAS_SUMMA_EVID_00988_BODY_01,AQUINAS_SUMMA,Summa Theologica,Thomas Aquinas,988,Article. 3 - Whether besides the intellectual soul there are in man other souls essentially different from one another?,animal; soul,soul,animal~soul in body (6),2026-09-04T17:19:48.899911+00:00,pending
as the image,as the image,image of God,5,1,LOUIS_BERKHOF_SYSTEMATICTHEOLOGY_EVID_00194_BODY_01,LOUIS_BERKHOF_SYSTEMATICTHEOLOGY,Systematic Theology,Louis Berkhof,194,III. Man as the Image of God,god; image,god; image of god,image~image of god in heading (0); image~god in heading (4); god~image of god in heading (0); image~image of god in body (0),2026-09-04T17:19:48.899911+00:00,pending
controversy on the procession,controversy on the procession,procession of the spirit,5,1,PHILIP_SCHAFF_HCC4_EVID_00438_BODY_01,PHILIP_SCHAFF_HCC4,"History of the Christian Church, Volume IV: Mediaeval Christianity. A.D. 590-1073",Philip Schaff,438,The Controversy on the Procession of the Holy Spirit,procession; spirit,,,2026-09-04T17:19:48.899911+00:00,pending
controversy on the procession of,controversy on the procession of,procession of the spirit,5,1,PHILIP_SCHAFF_HCC4_EVID_00438_BODY_01,PHILIP_SCHAFF_HCC4,"History of the Christian Church, Volume IV: Mediaeval Christianity. A.D. 590-1073",Philip Schaff,438,The Controversy on the Procession of the Holy Spirit,procession; spirit,,,2026-09-04T17:19:48.899911+00:00,pending
on the procession,on the procession,procession of the spirit,5,1,PHILIP_SCHAFF_HCC4_EVID_00438_BODY_01,PHILIP_SCHAFF_HCC4,"History of the Christian Church, Volume IV: Mediaeval Christianity. A.D. 590-1073",Philip Schaff,438,The Controversy on the Procession of the Holy Spirit,procession; spirit,,,2026-09-04T17:19:48.899911+00:00,pending
essence three,essence three,relationship between three persons in trinity,5,1,NPNF1_03_EVID_00267_BODY_01,NPNF1_03,NPNF1-03. On the Holy Trinity; Doctrinal Treatises; Moral Treatises,Augustine of Hippo,267,"Why We Do Not in the Trinity Speak of One Person, and Three Essences. What He Ought to Believe Concerning the Trinity Who Does Not Receive What is Said Above. Man is Both After the Image, and is the Image of God.",persons; three; trinity,essence; father; holy spirit; substance; three persons; trinity,three~three persons in heading (0); three~trinity in heading (26); persons~three persons in heading (0); persons~trinity in heading (14),2026-09-04T17:19:48.899911+00:00,pending
the image of god in,the image of god in,image of God,4,2,AQUINAS_SUMMA_EVID_01205_BODY_01,AQUINAS_SUMMA,Summa Theologica,Thomas Aquinas,1205,Article. 5 - Whether the image of God is in man according to the Trinity of Persons?,god; image,god; image of god,image~image of god in heading (0); image~god in heading (4); god~image of god in heading (0); image~image of god in body (0),2026-09-04T17:19:48.899911+00:00,pending
image of god is in,image of god is in,image of God,4,1,AQUINAS_SUMMA_EVID_01198_BODY_01,AQUINAS_SUMMA,Summa Theologica,Thomas Aquinas,1198,Article. 1 - Whether the image of God is in man?,god; image,god; image of god,image~image of god in heading (0); image~god in heading (4); god~image of god in heading (0); image~image of god in body (0),2026-09-04T17:19:48.899911+00:00,pending
of god is in,of god is in,image of God,4,1,AQUINAS_SUMMA_EVID_01198_BODY_01,AQUINAS_SUMMA,Summa Theologica,Thomas Aquinas,1198,Article. 1 - Whether the image of God is in man?,god; image,god; image of god,image~image of god in heading (0); image~god in heading (4); god~image of god in heading (0); image~image of god in body (0),2026-09-04T17:19:48.899911+00:00,pending
of the spirits the world,of the spirits the world,procession of the spirit,4,1,ABRAHAM_KUYPER_GREATER_EVID_00049_BODY_01,ABRAHAM_KUYPER_GREATER,You Can Do Greater Things Than Christ,Abraham Kuyper,49,THE WORLD OF THE SPIRITS,spirit,,,2026-09-04T17:19:48.899911+00:00,pending
spirits the world,spirits the world,procession of the spirit,4,1,ABRAHAM_KUYPER_GREATER_EVID_00049_BODY_01,ABRAHAM_KUYPER_GREATER,You Can Do Greater Things Than Christ,Abraham Kuyper,49,THE WORLD OF THE SPIRITS,spirit,,,2026-09-04T17:19:48.899911+00:00,pending
spirits the world of,spirits the world of,procession of the spirit,4,1,ABRAHAM_KUYPER_GREATER_EVID_00049_BODY_01,ABRAHAM_KUYPER_GREATER,You Can Do Greater Things Than Christ,Abraham Kuyper,49,THE WORLD OF THE SPIRITS,spirit,,,2026-09-04T17:19:48.899911+00:00,pending
the spirits the world,the spirits the world,procession of the spirit,4,1,ABRAHAM_KUYPER_GREATER_EVID_00049_BODY_01,ABRAHAM_KUYPER_GREATER,You Can Do Greater Things Than Christ,Abraham Kuyper,49,THE WORLD OF THE SPIRITS,spirit,,,2026-09-04T17:19:48.899911+00:00,pending
the spirits the world of,the spirits the world of,procession of the spirit,4,1,ABRAHAM_KUYPER_GREATER_EVID_00049_BODY_01,ABRAHAM_KUYPER_GREATER,You Can Do Greater Things Than Christ,Abraham Kuyper,49,THE WORLD OF THE SPIRITS,spirit,,,2026-09-04T17:19:48.899911+00:00,pending
world of the spirits,world of the spirits,procession of the spirit,4,1,ABRAHAM_KUYPER_GREATER_EVID_00049_BODY_01,ABRAHAM_KUYPER_GREATER,You Can Do Greater Things Than Christ,Abraham Kuyper,49,THE WORLD OF THE SPIRITS,spirit,,,2026-09-04T17:19:48.899911+00:00,pending
world of the spirits the,world of the spirits the,procession of the spirit,4,1,ABRAHAM_KUYPER_GREATER_EVID_00049_BODY_01,ABRAHAM_KUYPER_GREATER,You Can Do Greater Things Than Christ,Abraham Kuyper,49,THE WORLD OF THE SPIRITS,spirit,,,2026-09-04T17:19:48.899911+00:00,pending
human soul,human soul,Animal soul,3,3,PHILIP_SCHAFF_HCC1_EVID_00481_BODY_01,PHILIP_SCHAFF_HCC1,"History of the Christian Church, Volume I: Apostolic Christianity. A.D. 1-100",Philip Schaff,481,John and the Gospel of Love,animal; soul,soul,animal~soul in body (1),2026-09-04T17:19:48.899911+00:00,pending
by faith,by faith,faith and works,3,3,NPNF1_05_EVID_01406_BODY_01,NPNF1_05,NPNF1-05. St. Augustine: Anti-Pelagian Writings,Augustine of Hippo,1406,Why the Apostle Said that We are Justified by Faith and Not by Works.,faith; works,faith; works,faith~works in heading (12); works~faith in heading (12); faith~works in body (6); works~faith in body (6),2026-09-04T17:19:48.899911+00:00,pending
by works,by works,faith and works,3,2,JOHN_OWEN_JUST_EVID_00385_BODY_01,JOHN_OWEN_JUST,The Doctrine of Justification by Faith,John Owen,385,Chapter XX. The doctrine of the apostle James concerning faith and works. Its agreement with that of St Paul.,faith; works,faith; works,faith~works in heading (5); works~faith in heading (5); faith~works in body (5); works~faith in body (5),2026-09-04T17:19:48.899911+00:00,pending
image of god is to,image of god is to,image of God,3,2,AQUINAS_SUMMA_EVID_01200_BODY_01,AQUINAS_SUMMA,Summa Theologica,Thomas Aquinas,1200,Article. 2 - Whether the image of God is to be found in irrational creatures?,god; image,god; image of god,image~image of god in heading (0); image~god in heading (4); god~image of god in heading (0); image~image of god in body (0),2026-09-04T17:19:48.899911+00:00,pending
of god is to,of god is to,image of God,3,2,AQUINAS_SUMMA_EVID_01200_BODY_01,AQUINAS_SUMMA,Summa Theologica,Thomas Aquinas,1200,Article. 2 - Whether the image of God is to be found in irrational creatures?,god; image,god; image of god,image~image of god in heading (0); image~god in heading (4); god~image of god in heading (0); image~image of god in body (0),2026-09-04T17:19:48.899911+00:00,pending
1 whether original sin,1 whether original sin,original sin,3,2,AQUINAS_NATURE_GRACE_EVID_00128_BODY_01,AQUINAS_NATURE_GRACE,Nature and Grace: Selections from the Summa Theologica of Thomas Aquinas,Thomas Aquinas,128,Art. 1: Whether Original Sin is a Habit,original; sin,original sin; sin,original~original sin in heading (0); original~sin in heading (1); sin~original sin in heading (0); original~original sin in body (0),2026-09-04T17:19:48.899911+00:00,pending
3 whether original sin,3 whether original sin,original sin,3,2,AQUINAS_SUMMA_EVID_02333_BODY_01,AQUINAS_SUMMA,Summa Theologica,Thomas Aquinas,2333,Article. 3 - Whether original sin is concupiscence?,original; sin,original sin; sin,original~original sin in heading (0); original~sin in heading (1); sin~original sin in heading (0); original~original sin in body (0),2026-09-04T17:19:48.899911+00:00,pending
4 whether original sin,4 whether original sin,original sin,3,2,AQUINAS_SUMMA_EVID_02335_BODY_01,AQUINAS_SUMMA,Summa Theologica,Thomas Aquinas,2335,Article. 4 - Whether original sin is equally in all?,original; sin,original sin; sin,original~original sin in heading (0); original~sin in heading (1); sin~original sin in heading (0); original~original sin in body (0),2026-09-04T17:19:48.899911+00:00,pending
one essence,one essence,relationship between three persons in trinity,3,2,NPNF1_03_EVID_00267_BODY_01,NPNF1_03,NPNF1-03. On the Holy Trinity; Doctrinal Treatises; Moral Treatises,Augustine of Hippo,267,"Why We Do Not in the Trinity Speak of One Person, and Three Essences. What He Ought to Believe Concerning the Trinity Who Does Not Receive What is Said Above. Man is Both After the Image, and is the Image of God.",persons; three; trinity,essence; father; holy spirit; substance; three persons; trinity,three~three persons in heading (0); three~trinity in heading (26); persons~three persons in heading (0); persons~trinity in heading (14),2026-09-04T17:19:48.899911+00:00,pending
the holy spirit,the holy spirit,relationship between three persons in trinity,3,2,NPNF1_03_EVID_00266_BODY_01,NPNF1_03,NPNF1-03. On the Holy Trinity; Doctrinal Treatises; Moral Treatises,Augustine of Hippo,266,"Why We Do Not in the Trinity Speak of One Person, and Three Essences. What He Ought to Believe Concerning the Trinity Who Does Not Receive What is Said Above. Man is Both After the Image, and is the Image of God.",persons; three; trinity,essence; father; holy spirit; substance; three persons; trinity,three~three persons in heading (0); three~trinity in heading (26); persons~three persons in heading (0); persons~trinity in heading (14),2026-09-04T17:19:48.899911+00:00,pending
besides the intellectual soul,besides the intellectual soul,Animal soul,3,1,AQUINAS_SUMMA_EVID_00988_BODY_01,AQUINAS_SUMMA,Summa Theologica,Thomas Aquinas,988,Article. 3 - Whether besides the intellectual soul there are in man other souls essentially different from one another?,animal; soul,soul,animal~soul in body (6),2026-09-04T17:19:48.899911+00:00,pending
sensitive soul,sensitive soul,Animal soul,3,1,AQUINAS_SUMMA_EVID_00986_BODY_01,AQUINAS_SUMMA,Summa Theologica,Thomas Aquinas,986,Article. 3 - Whether besides the intellectual soul there are in man other souls essentially different from one another?,animal; soul,soul,animal~soul in body (18),2026-09-04T17:19:48.899911+00:00,pending
on the procession of,on the procession of,procession of the spirit,3,1,PHILIP_SCHAFF_HCC4_EVID_00438_BODY_01,PHILIP_SCHAFF_HCC4,"History of the Christian Church, Volume IV: Mediaeval Christianity. A.D. 590-1073",Philip Schaff,438,The Controversy on the Procession of the Holy Spirit,procession; spirit,,,2026-09-04T17:19:48.899911+00:00,pending
on the procession of the,on the procession of the,procession of the spirit,3,1,PHILIP_SCHAFF_HCC4_EVID_00438_BODY_01,PHILIP_SCHAFF_HCC4,"History of the Christian Church, Volume IV: Mediaeval Christianity. A.D. 590-1073",Philip Schaff,438,The Controversy on the Procession of the Holy Spirit,procession; spirit,,,2026-09-04T17:19:48.899911+00:00,pending
latins of three persons,latins of three persons,relationship between three persons in trinity,3,1,NPNF1_03_EVID_00263_BODY_01,NPNF1_03,NPNF1-03. On the Holy Trinity; Doctrinal Treatises; Moral Treatises,Augustine of Hippo,263,"How It Was Brought About that the Greeks Speak of Three Hypostases, the Latins of Three Persons. Scripture Nowhere Speaks of Three Persons in One God.",persons; three; trinity,essence; father; holy spirit; substance; three persons; trinity,three~three persons in heading (0); three~trinity in heading (71); persons~three persons in heading (0); persons~trinity in heading (63),2026-09-04T17:19:48.899911+00:00,pending
latins of three persons scripture,latins of three persons scripture,relationship between three persons in trinity,3,1,NPNF1_03_EVID_00263_BODY_01,NPNF1_03,NPNF1-03. On the Holy Trinity; Doctrinal Treatises; Moral Treatises,Augustine of Hippo,263,"How It Was Brought About that the Greeks Speak of Three Hypostases, the Latins of Three Persons. Scripture Nowhere Speaks of Three Persons in One God.",persons; three; trinity,essence; father; holy spirit; substance; three persons; trinity,three~three persons in heading (0); three~trinity in heading (71); persons~three persons in heading (0); persons~trinity in heading (63),2026-09-04T17:19:48.899911+00:00,pending
of three persons,of three persons,relationship between three persons in trinity,3,1,NPNF1_03_EVID_00263_BODY_01,NPNF1_03,NPNF1-03. On the Holy Trinity; Doctrinal Treatises; Moral Treatises,Augustine of Hippo,263,"How It Was Brought About that the Greeks Speak of Three Hypostases, the Latins of Three Persons. Scripture Nowhere Speaks of Three Persons in One God.",persons; three; trinity,essence; father; holy spirit; substance; three persons; trinity,three~three persons in heading (0); three~trinity in heading (71); persons~three persons in heading (0); persons~trinity in heading (63),2026-09-04T17:19:48.899911+00:00,pending
of three persons in,of three persons in,relationship between three persons in trinity,3,1,NPNF1_03_EVID_00263_BODY_01,NPNF1_03,NPNF1-03. On the Holy Trinity; Doctrinal Treatises; Moral Treatises,Augustine of Hippo,263,"How It Was Brought About that the Greeks Speak of Three Hypostases, the Latins of Three Persons. Scripture Nowhere Speaks of Three Persons in One God.",persons; three; trinity,essence; father; holy spirit; substance; three persons; trinity,three~three persons in heading (0); three~trinity in heading (71); persons~three persons in heading (0); persons~trinity in heading (63),2026-09-04T17:19:48.899911+00:00,pending
of three persons in one,of three persons in one,relationship between three persons in trinity,3,1,NPNF1_03_EVID_00263_BODY_01,NPNF1_03,NPNF1-03. On the Holy Trinity; Doctrinal Treatises; Moral Treatises,Augustine of Hippo,263,"How It Was Brought About that the Greeks Speak of Three Hypostases, the Latins of Three Persons. Scripture Nowhere Speaks of Three Persons in One God.",persons; three; trinity,essence; father; holy spirit; substance; three persons; trinity,three~three persons in heading (0); three~trinity in heading (71); persons~three persons in heading (0); persons~trinity in heading (63),2026-09-04T17:19:48.899911+00:00,pending
the animal soul,the animal soul,Animal soul,2,2,PHILIP_SCHAFF_HCC1_EVID_00481_BODY_01,PHILIP_SCHAFF_HCC1,"History of the Christian Church, Volume I: Apostolic Christianity. A.D. 1-100",Philip Schaff,481,John and the Gospel of Love,animal; soul,soul,animal~soul in body (1),2026-09-04T17:19:48.899911+00:00,pending
the human soul,the human soul,Animal soul,2,2,AQUINAS_GENTILES_EVID_00303_BODY_01,AQUINAS_GENTILES,Of God and His Creatures,Thomas Aquinas,303,Chapter LXXXVI. That the Human Soul is not transmitted by Generation,animal; soul,soul,animal~soul in body (57),2026-09-04T17:19:48.899911+00:00,pending
concerning faith,concerning faith,faith and works,2,2,JOHN_OWEN_JUST_EVID_00372_BODY_01,JOHN_OWEN_JUST,The Doctrine of Justification by Faith,John Owen,372,Chapter XX. The doctrine of the apostle James concerning faith and works. Its agreement with that of St Paul.,faith; works,faith; works,faith~works in heading (5); works~faith in heading (5); faith~works in body (2); works~faith in body (2),2026-09-04T17:19:48.899911+00:00,pending
by the law,by the law,live under law,2,2,LUTHER_GALATIANS_EVID_00053_BODY_01,LUTHER_GALATIANS,A Commentary on St. Paul's Epistle to the Galatians,Martin Luther,53,Galatians 2,law; live,law,live~law in body (11),2026-09-04T17:19:48.899911+00:00,pending
lived under the law,lived under the law,live under law,2,2,NPNF2_11_EVID_01248_BODY_01,NPNF2_11,"NPNF-211. Sulpitius Severus, Vincent of Lerins, John Cassian",John Cassian,1248,"Chapter XVIII. An objection that only those men employed lies with impunity, who lived under the law.",law; live,law,live~law in heading (11); live~law in body (11),2026-09-04T17:19:48.899911+00:00,pending
who lived,who lived,live under law,2,2,NPNF2_11_EVID_01248_BODY_01,NPNF2_11,"NPNF-211. Sulpitius Severus, Vincent of Lerins, John Cassian",John Cassian,1248,"Chapter XVIII. An objection that only those men employed lies with impunity, who lived under the law.",law; live,law,live~law in heading (11); live~law in body (11),2026-09-04T17:19:48.899911+00:00,pending
1 whether original sin is,1 whether original sin is,original sin,2,2,AQUINAS_NATURE_GRACE_EVID_00128_BODY_01,AQUINAS_NATURE_GRACE,Nature and Grace: Selections from the Summa Theologica of Thomas Aquinas,Thomas Aquinas,128,Art. 1: Whether Original Sin is a Habit,original; sin,original sin; sin,original~original sin in heading (0); original~sin in heading (1); sin~original sin in heading (0); original~original sin in body (0),2026-09-04T17:19:48.899911+00:00,pending
4 whether original sin is,4 whether original sin is,original sin,2,2,AQUINAS_SUMMA_EVID_02335_BODY_01,AQUINAS_SUMMA,Summa Theologica,Thomas Aquinas,2335,Article. 4 - Whether original sin is equally in all?,original; sin,original sin; sin,original~original sin in heading (0); original~sin in heading (1); sin~original sin in heading (0); original~original sin in body (0),2026-09-04T17:19:48.899911+00:00,pending
original sin is a,original sin is a,original sin,2,2,AQUINAS_NATURE_GRACE_EVID_00128_BODY_01,AQUINAS_NATURE_GRACE,Nature and Grace: Selections from the Summa Theologica of Thomas Aquinas,Thomas Aquinas,128,Art. 1: Whether Original Sin is a Habit,original; sin,original sin; sin,original~original sin in heading (0); original~sin in heading (1); sin~original sin in heading (0); original~original sin in body (0),2026-09-04T17:19:48.899911+00:00,pending
original sin is in,original sin is in,original sin,2,2,AQUINAS_SUMMA_EVID_02339_BODY_01,AQUINAS_SUMMA,Summa Theologica,Thomas Aquinas,2339,Article. 2 - Whether original sin is in the essence of the soul rather than in the powers?,original; sin,original sin; sin,original~original sin in heading (0); original~sin in heading (1); sin~original sin in heading (0); original~original sin in body (0),2026-09-04T17:19:48.899911+00:00,pending
original sins in,original sins in,original sin,2,2,AQUINAS_NATURE_GRACE_EVID_00130_BODY_01,AQUINAS_NATURE_GRACE,Nature and Grace: Selections from the Summa Theologica of Thomas Aquinas,Thomas Aquinas,130,Art. 2: Whether there are Many Original Sins in One Man,original; sin,original sin; sin,original~original sin in heading (0); original~sin in heading (1); sin~original sin in heading (0); original~original sin in body (0),2026-09-04T17:19:48.899911+00:00,pending
original sins in one,original sins in one,original sin,2,2,AQUINAS_NATURE_GRACE_EVID_00130_BODY_01,AQUINAS_NATURE_GRACE,Nature and Grace: Selections from the Summa Theologica of Thomas Aquinas,Thomas Aquinas,130,Art. 2: Whether there are Many Original Sins in One Man,original; sin,original sin; sin,original~original sin in heading (0); original~sin in heading (1); sin~original sin in heading (0); original~original sin in body (0),2026-09-04T17:19:48.899911+00:00,pending
whether original sin is a,whether original sin is a,original sin,2,2,AQUINAS_NATURE_GRACE_EVID_00128_BODY_01,AQUINAS_NATURE_GRACE,Nature and Grace: Selections from the Summa Theologica of Thomas Aquinas,Thomas Aquinas,128,Art. 1: Whether Original Sin is a Habit,original; sin,original sin; sin,original~original sin in heading (0); original~sin in heading (1); sin~original sin in heading (0); original~original sin in body (0),2026-09-04T17:19:48.899911+00:00,pending
whether original sin is in,whether original sin is in,original sin,2,2,AQUINAS_SUMMA_EVID_02339_BODY_01,AQUINAS_SUMMA,Summa Theologica,Thomas Aquinas,2339,Article. 2 - Whether original sin is in the essence of the soul rather than in the powers?,original; sin,original sin; sin,original~original sin in heading (0); original~sin in heading (1); sin~original sin in heading (0); original~original sin in body (0),2026-09-04T17:19:48.899911+00:00,pending
and the holy spirit,and the holy spirit,relationship between three persons in trinity,2,2,LOUIS_BERKHOF_SYSTEMATICTHEOLOGY_EVID_00075_BODY_01,LOUIS_BERKHOF_SYSTEMATICTHEOLOGY,Systematic Theology,Louis Berkhof,75,VIII. The Holy Trinity,persons; three; trinity,deity; essence; father; holy spirit; holy trinity; three persons; trinity; unity of god,three~three persons in body (0); three~trinity in body (165); persons~three persons in body (0); persons~trinity in body (13),2026-09-04T17:19:48.899911+00:00,pending
of the three persons,of the three persons,relationship between three persons in trinity,2,2,AQUINAS_SUMMA_EVID_00590_BODY_01,AQUINAS_SUMMA,Summa Theologica,Thomas Aquinas,590,Article. 3 - Whether essential names should be predicated in the singular of the three persons?,persons; three; trinity,deity; essence; father; holy ghost; substance; three persons; trinity,three~three persons in heading (0); three~trinity in heading (49); persons~three persons in heading (0); persons~trinity in heading (37),2026-09-04T17:19:48.899911+00:00,pending
animals the hex,animals the hex,Animal soul,2,1,NPNF2_08_EVID_00351_BODY_01,NPNF2_08,NPNF2-08. Basil: Letters and Select Works,Basil of Caesarea,351,The creation of fowl and water animals.,animal; soul,soul,animal~soul in body (67),2026-09-04T17:19:48.899911+00:00,pending
animals the hex meron,animals the hex meron,Animal soul,2,1,NPNF2_08_EVID_00351_BODY_01,NPNF2_08,NPNF2-08. Basil: Letters and Select Works,Basil of Caesarea,351,The creation of fowl and water animals.,animal; soul,soul,animal~soul in body (67),2026-09-04T17:19:48.899911+00:00,pending
besides the intellectual soul there,besides the intellectual soul there,Animal soul,2,1,AQUINAS_SUMMA_EVID_00988_BODY_01,AQUINAS_SUMMA,Summa Theologica,Thomas Aquinas,988,Article. 3 - Whether besides the intellectual soul there are in man other souls essentially different from one another?,animal; soul,soul,animal~soul in body (6),2026-09-04T17:19:48.899911+00:00,pending
in man other souls,in man other souls,Animal soul,2,1,AQUINAS_SUMMA_EVID_00988_BODY_01,AQUINAS_SUMMA,Summa Theologica,Thomas Aquinas,988,Article. 3 - Whether besides the intellectual soul there are in man other souls essentially different from one another?,animal; soul,soul,animal~soul in body (6),2026-09-04T17:19:48.899911+00:00,pending
in man other souls essentially,in man other souls essentially,Animal soul,2,1,AQUINAS_SUMMA_EVID_00988_BODY_01,AQUINAS_SUMMA,Summa Theologica,Thomas Aquinas,988,Article. 3 - Whether besides the intellectual soul there are in man other souls essentially different from one another?,animal; soul,soul,animal~soul in body (6),2026-09-04T17:19:48.899911+00:00,pending
intellectual soul is,intellectual soul is,Animal soul,2,1,AQUINAS_SUMMA_EVID_01435_BODY_01,AQUINAS_SUMMA,Summa Theologica,Thomas Aquinas,1435,Article. 2 - Whether the intellectual soul is produced from the semen?,animal; soul,soul,animal~soul in body (28),2026-09-04T17:19:48.899911+00:00,pending
intellectual soul is produced,intellectual soul is produced,Animal soul,2,1,AQUINAS_SUMMA_EVID_01435_BODY_01,AQUINAS_SUMMA,Summa Theologica,Thomas Aquinas,1435,Article. 2 - Whether the intellectual soul is produced from the semen?,animal; soul,soul,animal~soul in body (28),2026-09-04T17:19:48.899911+00:00,pending
intellectual soul is produced from,intellectual soul is produced from,Animal soul,2,1,AQUINAS_SUMMA_EVID_01435_BODY_01,AQUINAS_SUMMA,Summa Theologica,Thomas Aquinas,1435,Article. 2 - Whether the intellectual soul is produced from the semen?,animal; soul,soul,animal~soul in body (28),2026-09-04T17:19:48.899911+00:00,pending
sensitive soul is,sensitive soul is,Animal soul,2,1,AQUINAS_SUMMA_EVID_01432_BODY_01,AQUINAS_SUMMA,Summa Theologica,Thomas Aquinas,1432,Article. 1 - Whether the sensitive soul is transmitted with the semen?,animal; soul,soul,animal~soul in body (5),2026-09-04T17:19:48.899911+00:00,pending
sensitive soul is transmitted,sensitive soul is transmitted,Animal soul,2,1,AQUINAS_SUMMA_EVID_01432_BODY_01,AQUINAS_SUMMA,Summa Theologica,Thomas Aquinas,1432,Article. 1 - Whether the sensitive soul is transmitted with the semen?,animal; soul,soul,animal~soul in body (5),2026-09-04T17:19:48.899911+00:00,pending
sensitive soul is transmitted with,sensitive soul is transmitted with,Animal soul,2,1,AQUINAS_SUMMA_EVID_01432_BODY_01,AQUINAS_SUMMA,Summa Theologica,Thomas Aquinas,1432,Article. 1 - Whether the sensitive soul is transmitted with the semen?,animal; soul,soul,animal~soul in body (5),2026-09-04T17:19:48.899911+00:00,pending
soul is produced,soul is produced,Animal soul,2,1,AQUINAS_SUMMA_EVID_01435_BODY_01,AQUINAS_SUMMA,Summa Theologica,Thomas Aquinas,1435,Article. 2 - Whether the intellectual soul is produced from the semen?,animal; soul,soul,animal~soul in body (28),2026-09-04T17:19:48.899911+00:00,pending
soul is transmitted,soul is transmitted,Animal soul,2,1,AQUINAS_SUMMA_EVID_01432_BODY_01,AQUINAS_SUMMA,Summa Theologica,Thomas Aquinas,1432,Article. 1 - Whether the sensitive soul is transmitted with the semen?,animal; soul,soul,animal~soul in body (5),2026-09-04T17:19:48.899911+00:00,pending
the intellectual soul is,the intellectual soul is,Animal soul,2,1,AQUINAS_SUMMA_EVID_01435_BODY_01,AQUINAS_SUMMA,Summa Theologica,Thomas Aquinas,1435,Article. 2 - Whether the intellectual soul is produced from the semen?,animal; soul,soul,animal~soul in body (28),2026-09-04T17:19:48.899911+00:00,pending
the sensitive soul,the sensitive soul,Animal soul,2,1,AQUINAS_SUMMA_EVID_01432_BODY_01,AQUINAS_SUMMA,Summa Theologica,Thomas Aquinas,1432,Article. 1 - Whether the sensitive soul is transmitted with the semen?,animal; soul,soul,animal~soul in body (5),2026-09-04T17:19:48.899911+00:00,pending
the sensitive soul is,the sensitive soul is,Animal soul,2,1,AQUINAS_SUMMA_EVID_01432_BODY_01,AQUINAS_SUMMA,Summa Theologica,Thomas Aquinas,1432,Article. 1 - Whether the sensitive soul is transmitted with the semen?,animal; soul,soul,animal~soul in body (5),2026-09-04T17:19:48.899911+00:00,pending
image of god free,image of god free,image of God,2,1,CALVIN_INSTITUTES_EVID_00171_BODY_01,CALVIN_INSTITUTES,The Institutes of the Christian Religion,John Calvin,171,CHAPTER 15. - STATE IN WHICH MAN WAS CREATED. THE FACULTIES OF THE SOUL—THE IMAGE OF GOD—FREE WILL—ORIGINAL RIGHTEOUSNESS,god; image,god; image of god,image~image of god in heading (0); image~god in heading (4); god~image of god in heading (0); image~image of god in body (0),2026-09-04T17:19:48.899911+00:00,pending
image of god free will,image of god free will,image of God,2,1,CALVIN_INSTITUTES_EVID_00171_BODY_01,CALVIN_INSTITUTES,The Institutes of the Christian Religion,John Calvin,171,CHAPTER 15. - STATE IN WHICH MAN WAS CREATED. THE FACULTIES OF THE SOUL—THE IMAGE OF GOD—FREE WILL—ORIGINAL RIGHTEOUSNESS,god; image,god; image of god,image~image of god in heading (0); image~god in heading (4); god~image of god in heading (0); image~image of god in body (0),2026-09-04T17:19:48.899911+00:00,pending
man as the image,man as the image,image of God,2,1,LOUIS_BERKHOF_SYSTEMATICTHEOLOGY_EVID_00197_BODY_01,LOUIS_BERKHOF_SYSTEMATICTHEOLOGY,Systematic Theology,Louis Berkhof,197,III. Man as the Image of God,god; image,god; image of god,image~image of god in heading (0); image~god in heading (4); god~image of god in heading (0); image~image of god in body (0),2026-09-04T17:19:48.899911+00:00,pending
man as the image of,man as the image of,image of God,2,1,LOUIS_BERKHOF_SYSTEMATICTHEOLOGY_EVID_00197_BODY_01,LOUIS_BERKHOF_SYSTEMATICTHEOLOGY,Systematic Theology,Louis Berkhof,197,III. Man as the Image of God,god; image,god; image of god,image~image of god in heading (0); image~god in heading (4); god~image of god in heading (0); image~image of god in body (0),2026-09-04T17:19:48.899911+00:00,pending
of god free,of god free,image of God,2,1,CALVIN_INSTITUTES_EVID_00171_BODY_01,CALVIN_INSTITUTES,The Institutes of the Christian Religion,John Calvin,171,CHAPTER 15. - STATE IN WHICH MAN WAS CREATED. THE FACULTIES OF THE SOUL—THE IMAGE OF GOD—FREE WILL—ORIGINAL RIGHTEOUSNESS,god; image,god; image of god,image~image of god in heading (0); image~god in heading (4); god~image of god in heading (0); image~image of god in body (0),2026-09-04T17:19:48.899911+00:00,pending
of god free will,of god free will,image of God,2,1,CALVIN_INSTITUTES_EVID_00171_BODY_01,CALVIN_INSTITUTES,The Institutes of the Christian Religion,John Calvin,171,CHAPTER 15. - STATE IN WHICH MAN WAS CREATED. THE FACULTIES OF THE SOUL—THE IMAGE OF GOD—FREE WILL—ORIGINAL RIGHTEOUSNESS,god; image,god; image of god,image~image of god in heading (0); image~god in heading (4); god~image of god in heading (0); image~image of god in body (0),2026-09-04T17:19:48.899911+00:00,pending
of god in,of god in,image of God,2,1,LOUIS_BERKHOF_SYSTEMATICTHEOLOGY_EVID_00196_BODY_01,LOUIS_BERKHOF_SYSTEMATICTHEOLOGY,Systematic Theology,Louis Berkhof,196,III. Man as the Image of God,god; image,god; image of god,image~image of god in heading (0); image~god in heading (4); god~image of god in heading (0); image~image of god in body (0),2026-09-04T17:19:48.899911+00:00,pending
soul the image of,soul the image of,image of God,2,1,CALVIN_INSTITUTES_EVID_00171_BODY_01,CALVIN_INSTITUTES,The Institutes of the Christian Religion,John Calvin,171,CHAPTER 15. - STATE IN WHICH MAN WAS CREATED. THE FACULTIES OF THE SOUL—THE IMAGE OF GOD—FREE WILL—ORIGINAL RIGHTEOUSNESS,god; image,god; image of god,image~image of god in heading (0); image~god in heading (4); god~image of god in heading (0); image~image of god in body (0),2026-09-04T17:19:48.899911+00:00,pending
soul the image of god,soul the image of god,image of God,2,1,CALVIN_INSTITUTES_EVID_00171_BODY_01,CALVIN_INSTITUTES,The Institutes of the Christian Religion,John Calvin,171,CHAPTER 15. - STATE IN WHICH MAN WAS CREATED. THE FACULTIES OF THE SOUL—THE IMAGE OF GOD—FREE WILL—ORIGINAL RIGHTEOUSNESS,god; image,god; image of god,image~image of god in heading (0); image~god in heading (4); god~image of god in heading (0); image~image of god in body (0),2026-09-04T17:19:48.899911+00:00,pending
the image of god free,the image of god free,image of God,2,1,CALVIN_INSTITUTES_EVID_00171_BODY_01,CALVIN_INSTITUTES,The Institutes of the Christian Religion,John Calvin,171,CHAPTER 15. - STATE IN WHICH MAN WAS CREATED. THE FACULTIES OF THE SOUL—THE IMAGE OF GOD—FREE WILL—ORIGINAL RIGHTEOUSNESS,god; image,god; image of god,image~image of god in heading (0); image~god in heading (4); god~image of god in heading (0); image~image of god in body (0),2026-09-04T17:19:48.899911+00:00,pending
how those who live,how those who live,live under law,2,1,NPNF2_11_EVID_01338_BODY_01,NPNF2_11,"NPNF-211. Sulpitius Severus, Vincent of Lerins, John Cassian",John Cassian,1338,Chapter V. How those who live under the grace of the Gospel ought to go beyond the requirement of the law.,law; live,law,live~law in heading (73); live~law in body (73),2026-09-04T17:19:48.899911+00:00,pending
how those who live under,how those who live under,live under law,2,1,NPNF2_11_EVID_01338_BODY_01,NPNF2_11,"NPNF-211. Sulpitius Severus, Vincent of Lerins, John Cassian",John Cassian,1338,Chapter V. How those who live under the grace of the Gospel ought to go beyond the requirement of the law.,law; live,law,live~law in heading (73); live~law in body (73),2026-09-04T17:19:48.899911+00:00,pending
live under the grace,live under the grace,live under law,2,1,NPNF2_11_EVID_01338_BODY_01,NPNF2_11,"NPNF-211. Sulpitius Severus, Vincent of Lerins, John Cassian",John Cassian,1338,Chapter V. How those who live under the grace of the Gospel ought to go beyond the requirement of the law.,law; live,law,live~law in heading (73); live~law in body (73),2026-09-04T17:19:48.899911+00:00,pending
requirement of the law,requirement of the law,live under law,2,1,NPNF2_11_EVID_01338_BODY_01,NPNF2_11,"NPNF-211. Sulpitius Severus, Vincent of Lerins, John Cassian",John Cassian,1338,Chapter V. How those who live under the grace of the Gospel ought to go beyond the requirement of the law.,law; live,law,live~law in heading (73); live~law in body (73),2026-09-04T17:19:48.899911+00:00,pending
those who live,those who live,live under law,2,1,NPNF2_11_EVID_01338_BODY_01,NPNF2_11,"NPNF-211. Sulpitius Severus, Vincent of Lerins, John Cassian",John Cassian,1338,Chapter V. How those who live under the grace of the Gospel ought to go beyond the requirement of the law.,law; live,law,live~law in heading (73); live~law in body (73),2026-09-04T17:19:48.899911+00:00,pending
those who live under,those who live under,live under law,2,1,NPNF2_11_EVID_01338_BODY_01,NPNF2_11,"NPNF-211. Sulpitius Severus, Vincent of Lerins, John Cassian",John Cassian,1338,Chapter V. How those who live under the grace of the Gospel ought to go beyond the requirement of the law.,law; live,law,live~law in heading (73); live~law in body (73),2026-09-04T17:19:48.899911+00:00,pending
those who live under the,those who live under the,live under law,2,1,NPNF2_11_EVID_01338_BODY_01,NPNF2_11,"NPNF-211. Sulpitius Severus, Vincent of Lerins, John Cassian",John Cassian,1338,Chapter V. How those who live under the grace of the Gospel ought to go beyond the requirement of the law.,law; live,law,live~law in heading (73); live~law in body (73),2026-09-04T17:19:48.899911+00:00,pending
who live,who live,live under law,2,1,NPNF2_11_EVID_01338_BODY_01,NPNF2_11,"NPNF-211. Sulpitius Severus, Vincent of Lerins, John Cassian",John Cassian,1338,Chapter V. How those who live under the grace of the Gospel ought to go beyond the requirement of the law.,law; live,law,live~law in heading (73); live~law in body (73),2026-09-04T17:19:48.899911+00:00,pending
contract original sin,contract original sin,original sin,2,1,AQUINAS_SUMMA_EVID_02326_BODY_01,AQUINAS_SUMMA,Summa Theologica,Thomas Aquinas,2326,"Article. 5 - Whether if Eve, and not Adam, had sinned, their children would have contracted original sin?",original; sin,original sin; sin,original~original sin in heading (0); original~sin in heading (1); sin~original sin in heading (0); original~original sin in body (0),2026-09-04T17:19:48.899911+00:00,pending
original sin alone,original sin alone,original sin,2,1,AQUINAS_SUMMA_EVID_06915_BODY_01,AQUINAS_SUMMA,Summa Theologica,Thomas Aquinas,6915,"Article. 1 - Whether those souls which depart with original sin alone, suffer from a bodily fire, and are punished by fire?",original; sin,original sin; sin,original~original sin in heading (0); original~sin in heading (1); sin~original sin in heading (0); original~original sin in body (0),2026-09-04T17:19:48.899911+00:00,pending
with original,with original,original sin,2,1,AQUINAS_SUMMA_EVID_06915_BODY_01,AQUINAS_SUMMA,Summa Theologica,Thomas Aquinas,6915,"Article. 1 - Whether those souls which depart with original sin alone, suffer from a bodily fire, and are punished by fire?",original; sin,original sin; sin,original~original sin in heading (0); original~sin in heading (1); sin~original sin in heading (0); original~original sin in body (0),2026-09-04T17:19:48.899911+00:00,pending
with original sin,with original sin,original sin,2,1,AQUINAS_SUMMA_EVID_06915_BODY_01,AQUINAS_SUMMA,Summa Theologica,Thomas Aquinas,6915,"Article. 1 - Whether those souls which depart with original sin alone, suffer from a bodily fire, and are punished by fire?",original; sin,original sin; sin,original~original sin in heading (0); original~sin in heading (1); sin~original sin in heading (0); original~original sin in body (0),2026-09-04T17:19:48.899911+00:00,pending
with original sin alone,with original sin alone,original sin,2,1,AQUINAS_SUMMA_EVID_06915_BODY_01,AQUINAS_SUMMA,Summa Theologica,Thomas Aquinas,6915,"Article. 1 - Whether those souls which depart with original sin alone, suffer from a bodily fire, and are punished by fire?",original; sin,original sin; sin,original~original sin in heading (0); original~sin in heading (1); sin~original sin in heading (0); original~original sin in body (0),2026-09-04T17:19:48.899911+00:00,pending
concerning the holy spirit,concerning the holy spirit,procession of the spirit,2,1,JOHN_OWEN_PNEUM_EVID_00124_BODY_01,JOHN_OWEN_PNEUM,Pneumatologia,John Owen,124,Chapter V. Way and manner of the divine dispensation of the Holy Spirit.,procession; spirit,,,2026-09-04T17:19:48.899911+00:00,pending
procession of the holy,procession of the holy,procession of the spirit,2,1,PHILIP_SCHAFF_HCC4_EVID_00436_BODY_01,PHILIP_SCHAFF_HCC4,"History of the Christian Church, Volume IV: Mediaeval Christianity. A.D. 590-1073",Philip Schaff,436,The Controversy on the Procession of the Holy Spirit,procession; spirit,,,2026-09-04T17:19:48.899911+00:00,pending
the procession of the holy,the procession of the holy,procession of the spirit,2,1,PHILIP_SCHAFF_HCC4_EVID_00436_BODY_01,PHILIP_SCHAFF_HCC4,"History of the Christian Church, Volume IV: Mediaeval Christianity. A.D. 590-1073",Philip Schaff,436,The Controversy on the Procession of the Holy Spirit,procession; spirit,,,2026-09-04T17:19:48.899911+00:00,pending
divine essence in three,divine essence in three,relationship between three persons in trinity,2,1,CALVIN_INSTITUTES_EVID_00122_BODY_01,CALVIN_INSTITUTES,The Institutes of the Christian Religion,John Calvin,122,"CHAPTER 13. - THE UNITY OF THE DIVINE ESSENCE IN THREE PERSONS TAUGHT, IN SCRIPTURE, FROM THE FOUNDATION OF THE WORLD.",persons; three; trinity,deity; essence; father; holy spirit; holy trinity; son of god; substance; three persons; trinity,three~three persons in heading (0); persons~three persons in heading (0); three~three persons in body (0); three~trinity in body (167),2026-09-04T17:19:48.899911+00:00,pending
divine essence in three persons,divine essence in three persons,relationship between three persons in trinity,2,1,CALVIN_INSTITUTES_EVID_00122_BODY_01,CALVIN_INSTITUTES,The Institutes of the Christian Religion,John Calvin,122,"CHAPTER 13. - THE UNITY OF THE DIVINE ESSENCE IN THREE PERSONS TAUGHT, IN SCRIPTURE, FROM THE FOUNDATION OF THE WORLD.",persons; three; trinity,deity; essence; father; holy spirit; holy trinity; son of god; substance; three persons; trinity,three~three persons in heading (0); persons~three persons in heading (0); three~three persons in body (0); three~trinity in body (167),2026-09-04T17:19:48.899911+00:00,pending
essence in three,essence in three,relationship between three persons in trinity,2,1,CALVIN_INSTITUTES_EVID_00122_BODY_01,CALVIN_INSTITUTES,The Institutes of the Christian Religion,John Calvin,122,"CHAPTER 13. - THE UNITY OF THE DIVINE ESSENCE IN THREE PERSONS TAUGHT, IN SCRIPTURE, FROM THE FOUNDATION OF THE WORLD.",persons; three; trinity,deity; essence; father; holy spirit; holy trinity; son of god; substance; three persons; trinity,three~three persons in heading (0); persons~three persons in heading (0); three~three persons in body (0); three~trinity in body (167),2026-09-04T17:19:48.899911+00:00,pending
essence in three persons,essence in three persons,relationship between three persons in trinity,2,1,CALVIN_INSTITUTES_EVID_00122_BODY_01,CALVIN_INSTITUTES,The Institutes of the Christian Religion,John Calvin,122,"CHAPTER 13. - THE UNITY OF THE DIVINE ESSENCE IN THREE PERSONS TAUGHT, IN SCRIPTURE, FROM THE FOUNDATION OF THE WORLD.",persons; three; trinity,deity; essence; father; holy spirit; holy trinity; son of god; substance; three persons; trinity,three~three persons in heading (0); persons~three persons in heading (0); three~three persons in body (0); three~trinity in body (167),2026-09-04T17:19:48.899911+00:00,pending
essence in three persons taught,essence in three persons taught,relationship between three persons in trinity,2,1,CALVIN_INSTITUTES_EVID_00122_BODY_01,CALVIN_INSTITUTES,The Institutes of the Christian Religion,John Calvin,122,"CHAPTER 13. - THE UNITY OF THE DIVINE ESSENCE IN THREE PERSONS TAUGHT, IN SCRIPTURE, FROM THE FOUNDATION OF THE WORLD.",persons; three; trinity,deity; essence; father; holy spirit; holy trinity; son of god; substance; three persons; trinity,three~three persons in heading (0); persons~three persons in heading (0); three~three persons in body (0); three~trinity in body (167),2026-09-04T17:19:48.899911+00:00,pending
in three persons,in three persons,relationship between three persons in trinity,2,1,CALVIN_INSTITUTES_EVID_00122_BODY_01,CALVIN_INSTITUTES,The Institutes of the Christian Religion,John Calvin,122,"CHAPTER 13. - THE UNITY OF THE DIVINE ESSENCE IN THREE PERSONS TAUGHT, IN SCRIPTURE, FROM THE FOUNDATION OF THE WORLD.",persons; three; trinity,deity; essence; father; holy spirit; holy trinity; son of god; substance; three persons; trinity,three~three persons in heading (0); persons~three persons in heading (0); three~three persons in body (0); three~trinity in body (167),2026-09-04T17:19:48.899911+00:00,pending
of three persons scripture,of three persons scripture,relationship between three persons in trinity,2,1,NPNF1_03_EVID_00263_BODY_01,NPNF1_03,NPNF1-03. On the Holy Trinity; Doctrinal Treatises; Moral Treatises,Augustine of Hippo,263,"How It Was Brought About that the Greeks Speak of Three Hypostases, the Latins of Three Persons. Scripture Nowhere Speaks of Three Persons in One God.",persons; three; trinity,essence; father; holy spirit; substance; three persons; trinity,three~three persons in heading (0); three~trinity in heading (71); persons~three persons in heading (0); persons~trinity in heading (63),2026-09-04T17:19:48.899911+00:00,pending
on the holy trinity,on the holy trinity,relationship between three persons in trinity,2,1,NPNF1_03_EVID_00267_BODY_01,NPNF1_03,NPNF1-03. On the Holy Trinity; Doctrinal Treatises; Moral Treatises,Augustine of Hippo,267,"Why We Do Not in the Trinity Speak of One Person, and Three Essences. What He Ought to Believe Concerning the Trinity Who Does Not Receive What is Said Above. Man is Both After the Image, and is the Image of God.",persons; three; trinity,essence; father; holy spirit; substance; three persons; trinity,three~three persons in heading (0); three~trinity in heading (26); persons~three persons in heading (0); persons~trinity in heading (14),2026-09-04T17:19:48.899911+00:00,pending
one essence three,one essence three,relationship between three persons in trinity,2,1,NPNF1_03_EVID_00267_BODY_01,NPNF1_03,NPNF1-03. On the Holy Trinity; Doctrinal Treatises; Moral Treatises,Augustine of Hippo,267,"Why We Do Not in the Trinity Speak of One Person, and Three Essences. What He Ought to Believe Concerning the Trinity Who Does Not Receive What is Said Above. Man is Both After the Image, and is the Image of God.",persons; three; trinity,essence; father; holy spirit; substance; three persons; trinity,three~three persons in heading (0); three~trinity in heading (26); persons~three persons in heading (0); persons~trinity in heading (14),2026-09-04T17:19:48.899911+00:00,pending
one person and three,one person and three,relationship between three persons in trinity,2,1,NPNF1_03_EVID_00267_BODY_01,NPNF1_03,NPNF1-03. On the Holy Trinity; Doctrinal Treatises; Moral Treatises,Augustine of Hippo,267,"Why We Do Not in the Trinity Speak of One Person, and Three Essences. What He Ought to Believe Concerning the Trinity Who Does Not Receive What is Said Above. Man is Both After the Image, and is the Image of God.",persons; three; trinity,essence; father; holy spirit; substance; three persons; trinity,three~three persons in heading (0); three~trinity in heading (26); persons~three persons in heading (0); persons~trinity in heading (14),2026-09-04T17:19:48.899911+00:00,pending
one person and three essences,one person and three essences,relationship between three persons in trinity,2,1,NPNF1_03_EVID_00267_BODY_01,NPNF1_03,NPNF1-03. On the Holy Trinity; Doctrinal Treatises; Moral Treatises,Augustine of Hippo,267,"Why We Do Not in the Trinity Speak of One Person, and Three Essences. What He Ought to Believe Concerning the Trinity Who Does Not Receive What is Said Above. Man is Both After the Image, and is the Image of God.",persons; three; trinity,essence; father; holy spirit; substance; three persons; trinity,three~three persons in heading (0); three~trinity in heading (26); persons~three persons in heading (0); persons~trinity in heading (14),2026-09-04T17:19:48.899911+00:00,pending
person and three,person and three,relationship between three persons in trinity,2,1,NPNF1_03_EVID_00267_BODY_01,NPNF1_03,NPNF1-03. On the Holy Trinity; Doctrinal Treatises; Moral Treatises,Augustine of Hippo,267,"Why We Do Not in the Trinity Speak of One Person, and Three Essences. What He Ought to Believe Concerning the Trinity Who Does Not Receive What is Said Above. Man is Both After the Image, and is the Image of God.",persons; three; trinity,essence; father; holy spirit; substance; three persons; trinity,three~three persons in heading (0); three~trinity in heading (26); persons~three persons in heading (0); persons~trinity in heading (14),2026-09-04T17:19:48.899911+00:00,pending
person and three essences,person and three essences,relationship between three persons in trinity,2,1,NPNF1_03_EVID_00267_BODY_01,NPNF1_03,NPNF1-03. On the Holy Trinity; Doctrinal Treatises; Moral Treatises,Augustine of Hippo,267,"Why We Do Not in the Trinity Speak of One Person, and Three Essences. What He Ought to Believe Concerning the Trinity Who Does Not Receive What is Said Above. Man is Both After the Image, and is the Image of God.",persons; three; trinity,essence; father; holy spirit; substance; three persons; trinity,three~three persons in heading (0); three~trinity in heading (26); persons~three persons in heading (0); persons~trinity in heading (14),2026-09-04T17:19:48.899911+00:00,pending
that the three persons,that the three persons,relationship between three persons in trinity,2,1,AQUINAS_SUMMA_EVID_00588_BODY_01,AQUINAS_SUMMA,Summa Theologica,Thomas Aquinas,588,Article. 2 - Whether it must be said that the three persons are of one essence?,persons; three; trinity,essence; father; holy ghost; homoousion; substance; three persons,three~three persons in heading (0); persons~three persons in heading (0); trinity~three persons in heading (60); three~three persons in body (0),2026-09-04T17:19:48.899911+00:00,pending
that the three persons are,that the three persons are,relationship between three persons in trinity,2,1,AQUINAS_SUMMA_EVID_00588_BODY_01,AQUINAS_SUMMA,Summa Theologica,Thomas Aquinas,588,Article. 2 - Whether it must be said that the three persons are of one essence?,persons; three; trinity,essence; father; holy ghost; homoousion; substance; three persons,three~three persons in heading (0); persons~three persons in heading (0); trinity~three persons in heading (60); three~three persons in body (0),2026-09-04T17:19:48.899911+00:00,pending
the holy trinity,the holy trinity,relationship between three persons in trinity,2,1,LOUIS_BERKHOF_SYSTEMATICTHEOLOGY_EVID_00075_BODY_01,LOUIS_BERKHOF_SYSTEMATICTHEOLOGY,Systematic Theology,Louis Berkhof,75,VIII. The Holy Trinity,persons; three; trinity,deity; essence; father; holy spirit; holy trinity; three persons; trinity; unity of god,three~three persons in body (0); three~trinity in body (165); persons~three persons in body (0); persons~trinity in body (13),2026-09-04T17:19:48.899911+00:00,pending
the three persons are,the three persons are,relationship between three persons in trinity,2,1,AQUINAS_SUMMA_EVID_00588_BODY_01,AQUINAS_SUMMA,Summa Theologica,Thomas Aquinas,588,Article. 2 - Whether it must be said that the three persons are of one essence?,persons; three; trinity,essence; father; holy ghost; homoousion; substance; three persons,three~three persons in heading (0); persons~three persons in heading (0); trinity~three persons in heading (60); three~three persons in body (0),2026-09-04T17:19:48.899911+00:00,pending
the three persons are of,the three persons are of,relationship between three persons in trinity,2,1,AQUINAS_SUMMA_EVID_00588_BODY_01,AQUINAS_SUMMA,Summa Theologica,Thomas Aquinas,588,Article. 2 - Whether it must be said that the three persons are of one essence?,persons; three; trinity,essence; father; holy ghost; homoousion; substance; three persons,three~three persons in heading (0); persons~three persons in heading (0); trinity~three persons in heading (60); three~three persons in body (0),2026-09-04T17:19:48.899911+00:00,pending
three persons are,three persons are,relationship between three persons in trinity,2,1,AQUINAS_SUMMA_EVID_00588_BODY_01,AQUINAS_SUMMA,Summa Theologica,Thomas Aquinas,588,Article. 2 - Whether it must be said that the three persons are of one essence?,persons; three; trinity,essence; father; holy ghost; homoousion; substance; three persons,three~three persons in heading (0); persons~three persons in heading (0); trinity~three persons in heading (60); three~three persons in body (0),2026-09-04T17:19:48.899911+00:00,pending
three persons are of,three persons are of,relationship between three persons in trinity,2,1,AQUINAS_SUMMA_EVID_00588_BODY_01,AQUINAS_SUMMA,Summa Theologica,Thomas Aquinas,588,Article. 2 - Whether it must be said that the three persons are of one essence?,persons; three; trinity,essence; father; holy ghost; homoousion; substance; three persons,three~three persons in heading (0); persons~three persons in heading (0); trinity~three persons in heading (60); three~three persons in body (0),2026-09-04T17:19:48.899911+00:00,pending
viii the holy trinity,viii the holy trinity,relationship between three persons in trinity,2,1,LOUIS_BERKHOF_SYSTEMATICTHEOLOGY_EVID_00075_BODY_01,LOUIS_BERKHOF_SYSTEMATICTHEOLOGY,Systematic Theology,Louis Berkhof,75,VIII. The Holy Trinity,persons; three; trinity,deity; essence; father; holy spirit; holy trinity; three persons; trinity; unity of god,three~three persons in body (0); three~trinity in body (165); persons~three persons in body (0); persons~trinity in body (13),2026-09-04T17:19:48.899911+00:00,pending
a finer texture animalis,a finer texture animalis,Animal soul,1,1,ANF_03_EVID_01221_BODY_01,ANF_03,"ANF03. Latin Christianity: Its Founder, Tertullian",Tertullian,1221,"Another Class of Heretics Refuted. They Alleged that Christ's Flesh Was of a Finer Texture, Animalis, Composed of Soul.",animal; soul,soul,animal~soul in heading (14); animal~soul in body (14),2026-09-04T17:19:48.899911+00:00,pending
a finer texture animalis composed,a finer texture animalis composed,Animal soul,1,1,ANF_03_EVID_01221_BODY_01,ANF_03,"ANF03. Latin Christianity: Its Founder, Tertullian",Tertullian,1221,"Another Class of Heretics Refuted. They Alleged that Christ's Flesh Was of a Finer Texture, Animalis, Composed of Soul.",animal; soul,soul,animal~soul in heading (14); animal~soul in body (14),2026-09-04T17:19:48.899911+00:00,pending
a living soul,a living soul,Animal soul,1,1,NPNF2_08_EVID_00351_BODY_01,NPNF2_08,NPNF2-08. Basil: Letters and Select Works,Basil of Caesarea,351,The creation of fowl and water animals.,animal; soul,soul,animal~soul in body (67),2026-09-04T17:19:48.899911+00:00,pending
and soul eight,and soul eight,Animal soul,1,1,AQUINAS_SUMMA_EVID_00990_BODY_01,AQUINAS_SUMMA,Summa Theologica,Thomas Aquinas,990,Article. 4 - Whether in man there is another form besides the intellectual soul?,animal; soul,soul,animal~soul in body (10),2026-09-04T17:19:48.899911+00:00,pending
and soul eight articles,and soul eight articles,Animal soul,1,1,AQUINAS_SUMMA_EVID_00990_BODY_01,AQUINAS_SUMMA,Summa Theologica,Thomas Aquinas,990,Article. 4 - Whether in man there is another form besides the intellectual soul?,animal; soul,soul,animal~soul in body (10),2026-09-04T17:19:48.899911+00:00,pending
and soul eight articles article,and soul eight articles article,Animal soul,1,1,AQUINAS_SUMMA_EVID_00990_BODY_01,AQUINAS_SUMMA,Summa Theologica,Thomas Aquinas,990,Article. 4 - Whether in man there is another form besides the intellectual soul?,animal; soul,soul,animal~soul in body (10),2026-09-04T17:19:48.899911+00:00,pending
and water animals,and water animals,Animal soul,1,1,NPNF2_08_EVID_00351_BODY_01,NPNF2_08,NPNF2-08. Basil: Letters and Select Works,Basil of Caesarea,351,The creation of fowl and water animals.,animal; soul,soul,animal~soul in body (67),2026-09-04T17:19:48.899911+00:00,pending
and water animals the,and water animals the,Animal soul,1,1,NPNF2_08_EVID_00351_BODY_01,NPNF2_08,NPNF2-08. Basil: Letters and Select Works,Basil of Caesarea,351,The creation of fowl and water animals.,animal; soul,soul,animal~soul in body (67),2026-09-04T17:19:48.899911+00:00,pending
and water animals the hex,and water animals the hex,Animal soul,1,1,NPNF2_08_EVID_00351_BODY_01,NPNF2_08,NPNF2-08. Basil: Letters and Select Works,Basil of Caesarea,351,The creation of fowl and water animals.,animal; soul,soul,animal~soul in body (67),2026-09-04T17:19:48.899911+00:00,pending
animal body,animal body,Animal soul,1,1,AQUINAS_SUMMA_EVID_00997_BODY_01,AQUINAS_SUMMA,Summa Theologica,Thomas Aquinas,997,Article. 7 - Whether the soul is united to the animal body by means of a body?,animal; soul,soul,animal~soul in heading (18); animal~soul in body (18),2026-09-04T17:19:48.899911+00:00,pending
animal body by,animal body by,Animal soul,1,1,AQUINAS_SUMMA_EVID_00997_BODY_01,AQUINAS_SUMMA,Summa Theologica,Thomas Aquinas,997,Article. 7 - Whether the soul is united to the animal body by means of a body?,animal; soul,soul,animal~soul in heading (18); animal~soul in body (18),2026-09-04T17:19:48.899911+00:00,pending
animal is,animal is,Animal soul,1,1,AQUINAS_GENTILES_EVID_00236_BODY_01,AQUINAS_GENTILES,Of God and His Creatures,Thomas Aquinas,236,"Chapter LVIII. That Vegetative, Sentient, and Intelligent are not in man Three Souls",animal; soul,soul,animal~soul in body (14),2026-09-04T17:19:48.899911+00:00,pending
animal soul and,animal soul and,Animal soul,1,1,PHILIP_SCHAFF_HCC1_EVID_00481_BODY_01,PHILIP_SCHAFF_HCC1,"History of the Christian Church, Volume I: Apostolic Christianity. A.D. 1-100",Philip Schaff,481,John and the Gospel of Love,animal; soul,soul,animal~soul in body (1),2026-09-04T17:19:48.899911+00:00,pending
animal soul and taught,animal soul and taught,Animal soul,1,1,PHILIP_SCHAFF_HCC1_EVID_00481_BODY_01,PHILIP_SCHAFF_HCC1,"History of the Christian Church, Volume I: Apostolic Christianity. A.D. 1-100",Philip Schaff,481,John and the Gospel of Love,animal; soul,soul,animal~soul in body (1),2026-09-04T17:19:48.899911+00:00,pending
animal soul because,animal soul because,Animal soul,1,1,PHILIP_SCHAFF_HCC1_EVID_00481_BODY_01,PHILIP_SCHAFF_HCC1,"History of the Christian Church, Volume I: Apostolic Christianity. A.D. 1-100",Philip Schaff,481,John and the Gospel of Love,animal; soul,soul,animal~soul in body (1),2026-09-04T17:19:48.899911+00:00,pending
animal soul because the,animal soul because the,Animal soul,1,1,PHILIP_SCHAFF_HCC1_EVID_00481_BODY_01,PHILIP_SCHAFF_HCC1,"History of the Christian Church, Volume I: Apostolic Christianity. A.D. 1-100",Philip Schaff,481,John and the Gospel of Love,animal; soul,soul,animal~soul in body (1),2026-09-04T17:19:48.899911+00:00,pending
animal soul this,animal soul this,Animal soul,1,1,CHARLES_HODGE_EPHESIANS_EVID_00099_BODY_01,CHARLES_HODGE_EPHESIANS,A Commentary on the Epistle to the Ephesians,Charles Hodge,99,"Chapter III. The Nature and Design of Paul’s Commission, vs. 1-13—His Prayer for the Ephesians, vs. 14-21.",animal; soul,soul,animal~soul in body (1),2026-09-04T17:19:48.899911+00:00,pending
animal soul this is,animal soul this is,Animal soul,1,1,CHARLES_HODGE_EPHESIANS_EVID_00099_BODY_01,CHARLES_HODGE_EPHESIANS,A Commentary on the Epistle to the Ephesians,Charles Hodge,99,"Chapter III. The Nature and Design of Paul’s Commission, vs. 1-13—His Prayer for the Ephesians, vs. 14-21.",animal; soul,soul,animal~soul in body (1),2026-09-04T17:19:48.899911+00:00,pending
animalis composed,animalis composed,Animal soul,1,1,ANF_03_EVID_01221_BODY_01,ANF_03,"ANF03. Latin Christianity: Its Founder, Tertullian",Tertullian,1221,"Another Class of Heretics Refuted. They Alleged that Christ's Flesh Was of a Finer Texture, Animalis, Composed of Soul.",animal; soul,soul,animal~soul in heading (14); animal~soul in body (14),2026-09-04T17:19:48.899911+00:00,pending
animalis composed of,animalis composed of,Animal soul,1,1,ANF_03_EVID_01221_BODY_01,ANF_03,"ANF03. Latin Christianity: Its Founder, Tertullian",Tertullian,1221,"Another Class of Heretics Refuted. They Alleged that Christ's Flesh Was of a Finer Texture, Animalis, Composed of Soul.",animal; soul,soul,animal~soul in heading (14); animal~soul in body (14),2026-09-04T17:19:48.899911+00:00,pending
animalis composed of soul,animalis composed of soul,Animal soul,1,1,ANF_03_EVID_01221_BODY_01,ANF_03,"ANF03. Latin Christianity: Its Founder, Tertullian",Tertullian,1221,"Another Class of Heretics Refuted. They Alleged that Christ's Flesh Was of a Finer Texture, Animalis, Composed of Soul.",animal; soul,soul,animal~soul in heading (14); animal~soul in body (14),2026-09-04T17:19:48.899911+00:00,pending
animals are,animals are,Animal soul,1,1,AQUINAS_GENTILES_EVID_00297_BODY_01,AQUINAS_GENTILES,Of God and His Creatures,Thomas Aquinas,297,Chapter LXXXII. That the Souls of Dumb Animals are not Immortal,animal; soul,soul,animal~soul in body (9),2026-09-04T17:19:48.899911+00:00,pending
animals are not,animals are not,Animal soul,1,1,AQUINAS_GENTILES_EVID_00297_BODY_01,AQUINAS_GENTILES,Of God and His Creatures,Thomas Aquinas,297,Chapter LXXXII. That the Souls of Dumb Animals are not Immortal,animal; soul,soul,animal~soul in body (9),2026-09-04T17:19:48.899911+00:00,pending
animals first,animals first,Animal soul,1,1,AQUINAS_SUMMA_EVID_01636_BODY_01,AQUINAS_SUMMA,Summa Theologica,Thomas Aquinas,1636,Article. 2 - Whether command belongs to irrational animals?,animal; soul,soul,animal~soul in body (21),2026-09-04T17:19:48.899911+00:00,pending
animals first part,animals first part,Animal soul,1,1,AQUINAS_SUMMA_EVID_01636_BODY_01,AQUINAS_SUMMA,Summa Theologica,Thomas Aquinas,1636,Article. 2 - Whether command belongs to irrational animals?,animal; soul,soul,animal~soul in body (21),2026-09-04T17:19:48.899911+00:00,pending
animals first part of,animals first part of,Animal soul,1,1,AQUINAS_SUMMA_EVID_01636_BODY_01,AQUINAS_SUMMA,Summa Theologica,Thomas Aquinas,1636,Article. 2 - Whether command belongs to irrational animals?,animal; soul,soul,animal~soul in body (21),2026-09-04T17:19:48.899911+00:00,pending
any union of soul,any union of soul,Animal soul,1,1,AQUINAS_SUMMA_EVID_04750_BODY_01,AQUINAS_SUMMA,Summa Theologica,Thomas Aquinas,4750,Article. 5 - Whether in Christ there is any union of soul and body?,animal; soul,soul,animal~soul in body (4),2026-09-04T17:19:48.899911+00:00,pending
any union of soul and,any union of soul and,Animal soul,1,1,AQUINAS_SUMMA_EVID_04750_BODY_01,AQUINAS_SUMMA,Summa Theologica,Thomas Aquinas,4750,Article. 5 - Whether in Christ there is any union of soul and body?,animal; soul,soul,animal~soul in body (4),2026-09-04T17:19:48.899911+00:00,pending
belongs to irrational animals,belongs to irrational animals,Animal soul,1,1,AQUINAS_SUMMA_EVID_01636_BODY_01,AQUINAS_SUMMA,Summa Theologica,Thomas Aquinas,1636,Article. 2 - Whether command belongs to irrational animals?,animal; soul,soul,animal~soul in body (21),2026-09-04T17:19:48.899911+00:00,pending
belongs to irrational animals first,belongs to irrational animals first,Animal soul,1,1,AQUINAS_SUMMA_EVID_01636_BODY_01,AQUINAS_SUMMA,Summa Theologica,Thomas Aquinas,1636,Article. 2 - Whether command belongs to irrational animals?,animal; soul,soul,animal~soul in body (21),2026-09-04T17:19:48.899911+00:00,pending
besides the intellectual soul first,besides the intellectual soul first,Animal soul,1,1,AQUINAS_SUMMA_EVID_00990_BODY_01,AQUINAS_SUMMA,Summa Theologica,Thomas Aquinas,990,Article. 4 - Whether in man there is another form besides the intellectual soul?,animal; soul,soul,animal~soul in body (10),2026-09-04T17:19:48.899911+00:00,pending
composed of soul,composed of soul,Animal soul,1,1,ANF_03_EVID_01221_BODY_01,ANF_03,"ANF03. Latin Christianity: Its Founder, Tertullian",Tertullian,1221,"Another Class of Heretics Refuted. They Alleged that Christ's Flesh Was of a Finer Texture, Animalis, Composed of Soul.",animal; soul,soul,animal~soul in heading (14); animal~soul in body (14),2026-09-04T17:19:48.899911+00:00,pending
creation of terrestrial animals,creation of terrestrial animals,Animal soul,1,1,NPNF2_08_EVID_00365_BODY_01,NPNF2_08,NPNF2-08. Basil: Letters and Select Works,Basil of Caesarea,365,The creation of terrestrial animals.,animal; soul,soul,animal~soul in body (67),2026-09-04T17:19:48.899911+00:00,pending
creation of terrestrial animals the,creation of terrestrial animals the,Animal soul,1,1,NPNF2_08_EVID_00365_BODY_01,NPNF2_08,NPNF2-08. Basil: Letters and Select Works,Basil of Caesarea,365,The creation of terrestrial animals.,animal; soul,soul,animal~soul in body (67),2026-09-04T17:19:48.899911+00:00,pending
dumb animals,dumb animals,Animal soul,1,1,AQUINAS_GENTILES_EVID_00297_BODY_01,AQUINAS_GENTILES,Of God and His Creatures,Thomas Aquinas,297,Chapter LXXXII. That the Souls of Dumb Animals are not Immortal,animal; soul,soul,animal~soul in body (9),2026-09-04T17:19:48.899911+00:00,pending
finer texture animalis,finer texture animalis,Animal soul,1,1,ANF_03_EVID_01221_BODY_01,ANF_03,"ANF03. Latin Christianity: Its Founder, Tertullian",Tertullian,1221,"Another Class of Heretics Refuted. They Alleged that Christ's Flesh Was of a Finer Texture, Animalis, Composed of Soul.",animal; soul,soul,animal~soul in heading (14); animal~soul in body (14),2026-09-04T17:19:48.899911+00:00,pending
fowl and water animals,fowl and water animals,Animal soul,1,1,NPNF2_08_EVID_00351_BODY_01,NPNF2_08,NPNF2-08. Basil: Letters and Select Works,Basil of Caesarea,351,The creation of fowl and water animals.,animal; soul,soul,animal~soul in body (67),2026-09-04T17:19:48.899911+00:00,pending
human soul is,human soul is,Animal soul,1,1,AQUINAS_GENTILES_EVID_00303_BODY_01,AQUINAS_GENTILES,Of God and His Creatures,Thomas Aquinas,303,Chapter LXXXVI. That the Human Soul is not transmitted by Generation,animal; soul,soul,animal~soul in body (57),2026-09-04T17:19:48.899911+00:00,pending
human soul is not,human soul is not,Animal soul,1,1,AQUINAS_GENTILES_EVID_00303_BODY_01,AQUINAS_GENTILES,Of God and His Creatures,Thomas Aquinas,303,Chapter LXXXVI. That the Human Soul is not transmitted by Generation,animal; soul,soul,animal~soul in body (57),2026-09-04T17:19:48.899911+00:00,pending
human soul is not transmitted,human soul is not transmitted,Animal soul,1,1,AQUINAS_GENTILES_EVID_00303_BODY_01,AQUINAS_GENTILES,Of God and His Creatures,Thomas Aquinas,303,Chapter LXXXVI. That the Human Soul is not transmitted by Generation,animal; soul,soul,animal~soul in body (57),2026-09-04T17:19:48.899911+00:00,pending
human soul was,human soul was,Animal soul,1,1,AQUINAS_SUMMA_EVID_01177_BODY_01,AQUINAS_SUMMA,Summa Theologica,Thomas Aquinas,1177,Article. 4 - Whether the human soul was produced before the body?,animal; soul,soul,animal~soul in body (26),2026-09-04T17:19:48.899911+00:00,pending
human soul was produced,human soul was produced,Animal soul,1,1,AQUINAS_SUMMA_EVID_01177_BODY_01,AQUINAS_SUMMA,Summa Theologica,Thomas Aquinas,1177,Article. 4 - Whether the human soul was produced before the body?,animal; soul,soul,animal~soul in body (26),2026-09-04T17:19:48.899911+00:00,pending
human soul was produced before,human soul was produced before,Animal soul,1,1,AQUINAS_SUMMA_EVID_01177_BODY_01,AQUINAS_SUMMA,Summa Theologica,Thomas Aquinas,1177,Article. 4 - Whether the human soul was produced before the body?,animal; soul,soul,animal~soul in body (26),2026-09-04T17:19:48.899911+00:00,pending
in irrational animals,in irrational animals,Animal soul,1,1,AQUINAS_SUMMA_EVID_01636_BODY_01,AQUINAS_SUMMA,Summa Theologica,Thomas Aquinas,1636,Article. 2 - Whether command belongs to irrational animals?,animal; soul,soul,animal~soul in body (21),2026-09-04T17:19:48.899911+00:00,pending
in man three souls,in man three souls,Animal soul,1,1,AQUINAS_GENTILES_EVID_00236_BODY_01,AQUINAS_GENTILES,Of God and His Creatures,Thomas Aquinas,236,"Chapter LVIII. That Vegetative, Sentient, and Intelligent are not in man Three Souls",animal; soul,soul,animal~soul in body (14),2026-09-04T17:19:48.899911+00:00,pending
in man three souls book,in man three souls book,Animal soul,1,1,AQUINAS_GENTILES_EVID_00236_BODY_01,AQUINAS_GENTILES,Of God and His Creatures,Thomas Aquinas,236,"Chapter LVIII. That Vegetative, Sentient, and Intelligent are not in man Three Souls",animal; soul,soul,animal~soul in body (14),2026-09-04T17:19:48.899911+00:00,pending
inclination towards the soul,inclination towards the soul,Animal soul,1,1,AQUINAS_SUMMA_EVID_06650_BODY_01,AQUINAS_SUMMA,Summa Theologica,Thomas Aquinas,6650,Article. 3 - Whether the ashes from which the human body will be restored have any natural inclination towards the soul which will be united to them?,animal; soul,soul,animal~soul in body (41),2026-09-04T17:19:48.899911+00:00,pending
inclination towards the soul which,inclination towards the soul which,Animal soul,1,1,AQUINAS_SUMMA_EVID_06650_BODY_01,AQUINAS_SUMMA,Summa Theologica,Thomas Aquinas,6650,Article. 3 - Whether the ashes from which the human body will be restored have any natural inclination towards the soul which will be united to them?,animal; soul,soul,animal~soul in body (41),2026-09-04T17:19:48.899911+00:00,pending
including the animal soul,including the animal soul,Animal soul,1,1,PHILIP_SCHAFF_HCC1_EVID_00481_BODY_01,PHILIP_SCHAFF_HCC1,"History of the Christian Church, Volume I: Apostolic Christianity. A.D. 1-100",Philip Schaff,481,John and the Gospel of Love,animal; soul,soul,animal~soul in body (1),2026-09-04T17:19:48.899911+00:00,pending
including the animal soul and,including the animal soul and,Animal soul,1,1,PHILIP_SCHAFF_HCC1_EVID_00481_BODY_01,PHILIP_SCHAFF_HCC1,"History of the Christian Church, Volume I: Apostolic Christianity. A.D. 1-100",Philip Schaff,481,John and the Gospel of Love,animal; soul,soul,animal~soul in body (1),2026-09-04T17:19:48.899911+00:00,pending
intellectual soul there,intellectual soul there,Animal soul,1,1,AQUINAS_SUMMA_EVID_00988_BODY_01,AQUINAS_SUMMA,Summa Theologica,Thomas Aquinas,988,Article. 3 - Whether besides the intellectual soul there are in man other souls essentially different from one another?,animal; soul,soul,animal~soul in body (6),2026-09-04T17:19:48.899911+00:00,pending
intellectual soul there are,intellectual soul there are,Animal soul,1,1,AQUINAS_SUMMA_EVID_00988_BODY_01,AQUINAS_SUMMA,Summa Theologica,Thomas Aquinas,988,Article. 3 - Whether besides the intellectual soul there are in man other souls essentially different from one another?,animal; soul,soul,animal~soul in body (6),2026-09-04T17:19:48.899911+00:00,pending
intelligent soul,intelligent soul,Animal soul,1,1,AQUINAS_GENTILES_EVID_00236_BODY_01,AQUINAS_GENTILES,Of God and His Creatures,Thomas Aquinas,236,"Chapter LVIII. That Vegetative, Sentient, and Intelligent are not in man Three Souls",animal; soul,soul,animal~soul in body (14),2026-09-04T17:19:48.899911+00:00,pending
irrational animals,irrational animals,Animal soul,1,1,AQUINAS_SUMMA_EVID_01636_BODY_01,AQUINAS_SUMMA,Summa Theologica,Thomas Aquinas,1636,Article. 2 - Whether command belongs to irrational animals?,animal; soul,soul,animal~soul in body (21),2026-09-04T17:19:48.899911+00:00,pending
man three souls,man three souls,Animal soul,1,1,AQUINAS_GENTILES_EVID_00236_BODY_01,AQUINAS_GENTILES,Of God and His Creatures,Thomas Aquinas,236,"Chapter LVIII. That Vegetative, Sentient, and Intelligent are not in man Three Souls",animal; soul,soul,animal~soul in body (14),2026-09-04T17:19:48.899911+00:00,pending
man three souls book,man three souls book,Animal soul,1,1,AQUINAS_GENTILES_EVID_00236_BODY_01,AQUINAS_GENTILES,Of God and His Creatures,Thomas Aquinas,236,"Chapter LVIII. That Vegetative, Sentient, and Intelligent are not in man Three Souls",animal; soul,soul,animal~soul in body (14),2026-09-04T17:19:48.899911+00:00,pending
of dumb animals,of dumb animals,Animal soul,1,1,AQUINAS_GENTILES_EVID_00297_BODY_01,AQUINAS_GENTILES,Of God and His Creatures,Thomas Aquinas,297,Chapter LXXXII. That the Souls of Dumb Animals are not Immortal,animal; soul,soul,animal~soul in body (9),2026-09-04T17:19:48.899911+00:00,pending
of soul and body,of soul and body,Animal soul,1,1,AQUINAS_SUMMA_EVID_04750_BODY_01,AQUINAS_SUMMA,Summa Theologica,Thomas Aquinas,4750,Article. 5 - Whether in Christ there is any union of soul and body?,animal; soul,soul,animal~soul in body (4),2026-09-04T17:19:48.899911+00:00,pending
of terrestrial animals,of terrestrial animals,Animal soul,1,1,NPNF2_08_EVID_00365_BODY_01,NPNF2_08,NPNF2-08. Basil: Letters and Select Works,Basil of Caesarea,365,The creation of terrestrial animals.,animal; soul,soul,animal~soul in body (67),2026-09-04T17:19:48.899911+00:00,pending
of terrestrial animals the,of terrestrial animals the,Animal soul,1,1,NPNF2_08_EVID_00365_BODY_01,NPNF2_08,NPNF2-08. Basil: Letters and Select Works,Basil of Caesarea,365,The creation of terrestrial animals.,animal; soul,soul,animal~soul in body (67),2026-09-04T17:19:48.899911+00:00,pending
of terrestrial animals the hex,of terrestrial animals the hex,Animal soul,1,1,NPNF2_08_EVID_00365_BODY_01,NPNF2_08,NPNF2-08. Basil: Letters and Select Works,Basil of Caesarea,365,The creation of terrestrial animals.,animal; soul,soul,animal~soul in body (67),2026-09-04T17:19:48.899911+00:00,pending
other souls,other souls,Animal soul,1,1,AQUINAS_SUMMA_EVID_00986_BODY_01,AQUINAS_SUMMA,Summa Theologica,Thomas Aquinas,986,Article. 3 - Whether besides the intellectual soul there are in man other souls essentially different from one another?,animal; soul,soul,animal~soul in body (18),2026-09-04T17:19:48.899911+00:00,pending
our soul,our soul,Animal soul,1,1,ANF_03_EVID_01221_BODY_01,ANF_03,"ANF03. Latin Christianity: Its Founder, Tertullian",Tertullian,1221,"Another Class of Heretics Refuted. They Alleged that Christ's Flesh Was of a Finer Texture, Animalis, Composed of Soul.",animal; soul,soul,animal~soul in heading (14); animal~soul in body (14),2026-09-04T17:19:48.899911+00:00,pending
soul and body,soul and body,Animal soul,1,1,AQUINAS_SUMMA_EVID_04750_BODY_01,AQUINAS_SUMMA,Summa Theologica,Thomas Aquinas,4750,Article. 5 - Whether in Christ there is any union of soul and body?,animal; soul,soul,animal~soul in body (4),2026-09-04T17:19:48.899911+00:00,pending
soul and body in,soul and body in,Animal soul,1,1,AQUINAS_SUMMA_EVID_04750_BODY_01,AQUINAS_SUMMA,Summa Theologica,Thomas Aquinas,4750,Article. 5 - Whether in Christ there is any union of soul and body?,animal; soul,soul,animal~soul in body (4),2026-09-04T17:19:48.899911+00:00,pending
soul as,soul as,Animal soul,1,1,CHARLES_HODGE_EPHESIANS_EVID_00099_BODY_01,CHARLES_HODGE_EPHESIANS,A Commentary on the Epistle to the Ephesians,Charles Hodge,99,"Chapter III. The Nature and Design of Paul’s Commission, vs. 1-13—His Prayer for the Ephesians, vs. 14-21.",animal; soul,soul,animal~soul in body (1),2026-09-04T17:19:48.899911+00:00,pending
soul as the,soul as the,Animal soul,1,1,CHARLES_HODGE_EPHESIANS_EVID_00099_BODY_01,CHARLES_HODGE_EPHESIANS,A Commentary on the Epistle to the Ephesians,Charles Hodge,99,"Chapter III. The Nature and Design of Paul’s Commission, vs. 1-13—His Prayer for the Ephesians, vs. 14-21.",animal; soul,soul,animal~soul in body (1),2026-09-04T17:19:48.899911+00:00,pending
soul is not,soul is not,Animal soul,1,1,AQUINAS_GENTILES_EVID_00303_BODY_01,AQUINAS_GENTILES,Of God and His Creatures,Thomas Aquinas,303,Chapter LXXXVI. That the Human Soul is not transmitted by Generation,animal; soul,soul,animal~soul in body (57),2026-09-04T17:19:48.899911+00:00,pending
soul is united,soul is united,Animal soul,1,1,AQUINAS_SUMMA_EVID_00997_BODY_01,AQUINAS_SUMMA,Summa Theologica,Thomas Aquinas,997,Article. 7 - Whether the soul is united to the animal body by means of a body?,animal; soul,soul,animal~soul in heading (18); animal~soul in body (18),2026-09-04T17:19:48.899911+00:00,pending
soul is united to,soul is united to,Animal soul,1,1,AQUINAS_SUMMA_EVID_00997_BODY_01,AQUINAS_SUMMA,Summa Theologica,Thomas Aquinas,997,Article. 7 - Whether the soul is united to the animal body by means of a body?,animal; soul,soul,animal~soul in heading (18); animal~soul in body (18),2026-09-04T17:19:48.899911+00:00,pending
soul was,soul was,Animal soul,1,1,AQUINAS_SUMMA_EVID_01177_BODY_01,AQUINAS_SUMMA,Summa Theologica,Thomas Aquinas,1177,Article. 4 - Whether the human soul was produced before the body?,animal; soul,soul,animal~soul in body (26),2026-09-04T17:19:48.899911+00:00,pending
soul was produced,soul was produced,Animal soul,1,1,AQUINAS_SUMMA_EVID_01177_BODY_01,AQUINAS_SUMMA,Summa Theologica,Thomas Aquinas,1177,Article. 4 - Whether the human soul was produced before the body?,animal; soul,soul,animal~soul in body (26),2026-09-04T17:19:48.899911+00:00,pending
soul which,soul which,Animal soul,1,1,AQUINAS_SUMMA_EVID_06650_BODY_01,AQUINAS_SUMMA,Summa Theologica,Thomas Aquinas,6650,Article. 3 - Whether the ashes from which the human body will be restored have any natural inclination towards the soul which will be united to them?,animal; soul,soul,animal~soul in body (41),2026-09-04T17:19:48.899911+00:00,pending
soul which will,soul which will,Animal soul,1,1,AQUINAS_SUMMA_EVID_06650_BODY_01,AQUINAS_SUMMA,Summa Theologica,Thomas Aquinas,6650,Article. 3 - Whether the ashes from which the human body will be restored have any natural inclination towards the soul which will be united to them?,animal; soul,soul,animal~soul in body (41),2026-09-04T17:19:48.899911+00:00,pending
soul which will be,soul which will be,Animal soul,1,1,AQUINAS_SUMMA_EVID_06650_BODY_01,AQUINAS_SUMMA,Summa Theologica,Thomas Aquinas,6650,Article. 3 - Whether the ashes from which the human body will be restored have any natural inclination towards the soul which will be united to them?,animal; soul,soul,animal~soul in body (41),2026-09-04T17:19:48.899911+00:00,pending
souls of dumb,souls of dumb,Animal soul,1,1,AQUINAS_GENTILES_EVID_00297_BODY_01,AQUINAS_GENTILES,Of God and His Creatures,Thomas Aquinas,297,Chapter LXXXII. That the Souls of Dumb Animals are not Immortal,animal; soul,soul,animal~soul in body (9),2026-09-04T17:19:48.899911+00:00,pending
souls of dumb animals,souls of dumb animals,Animal soul,1,1,AQUINAS_GENTILES_EVID_00297_BODY_01,AQUINAS_GENTILES,Of God and His Creatures,Thomas Aquinas,297,Chapter LXXXII. That the Souls of Dumb Animals are not Immortal,animal; soul,soul,animal~soul in body (9),2026-09-04T17:19:48.899911+00:00,pending
terrestrial animals,terrestrial animals,Animal soul,1,1,NPNF2_08_EVID_00365_BODY_01,NPNF2_08,NPNF2-08. Basil: Letters and Select Works,Basil of Caesarea,365,The creation of terrestrial animals.,animal; soul,soul,animal~soul in body (67),2026-09-04T17:19:48.899911+00:00,pending
that the soul,that the soul,Animal soul,1,1,AQUINAS_SUMMA_EVID_00990_BODY_01,AQUINAS_SUMMA,Summa Theologica,Thomas Aquinas,990,Article. 4 - Whether in man there is another form besides the intellectual soul?,animal; soul,soul,animal~soul in body (10),2026-09-04T17:19:48.899911+00:00,pending
the animal soul this,the animal soul this,Animal soul,1,1,CHARLES_HODGE_EPHESIANS_EVID_00099_BODY_01,CHARLES_HODGE_EPHESIANS,A Commentary on the Epistle to the Ephesians,Charles Hodge,99,"Chapter III. The Nature and Design of Paul’s Commission, vs. 1-13—His Prayer for the Ephesians, vs. 14-21.",animal; soul,soul,animal~soul in body (1),2026-09-04T17:19:48.899911+00:00,pending
the animal soul this is,the animal soul this is,Animal soul,1,1,CHARLES_HODGE_EPHESIANS_EVID_00099_BODY_01,CHARLES_HODGE_EPHESIANS,A Commentary on the Epistle to the Ephesians,Charles Hodge,99,"Chapter III. The Nature and Design of Paul’s Commission, vs. 1-13—His Prayer for the Ephesians, vs. 14-21.",animal; soul,soul,animal~soul in body (1),2026-09-04T17:19:48.899911+00:00,pending
the human soul was,the human soul was,Animal soul,1,1,AQUINAS_SUMMA_EVID_01177_BODY_01,AQUINAS_SUMMA,Summa Theologica,Thomas Aquinas,1177,Article. 4 - Whether the human soul was produced before the body?,animal; soul,soul,animal~soul in body (26),2026-09-04T17:19:48.899911+00:00,pending
the intelligent soul,the intelligent soul,Animal soul,1,1,AQUINAS_GENTILES_EVID_00236_BODY_01,AQUINAS_GENTILES,Of God and His Creatures,Thomas Aquinas,236,"Chapter LVIII. That Vegetative, Sentient, and Intelligent are not in man Three Souls",animal; soul,soul,animal~soul in body (14),2026-09-04T17:19:48.899911+00:00,pending
the soul as,the soul as,Animal soul,1,1,CHARLES_HODGE_EPHESIANS_EVID_00099_BODY_01,CHARLES_HODGE_EPHESIANS,A Commentary on the Epistle to the Ephesians,Charles Hodge,99,"Chapter III. The Nature and Design of Paul’s Commission, vs. 1-13—His Prayer for the Ephesians, vs. 14-21.",animal; soul,soul,animal~soul in body (1),2026-09-04T17:19:48.899911+00:00,pending
the soul is,the soul is,Animal soul,1,1,AQUINAS_SUMMA_EVID_00997_BODY_01,AQUINAS_SUMMA,Summa Theologica,Thomas Aquinas,997,Article. 7 - Whether the soul is united to the animal body by means of a body?,animal; soul,soul,animal~soul in heading (18); animal~soul in body (18),2026-09-04T17:19:48.899911+00:00,pending
the soul is united,the soul is united,Animal soul,1,1,AQUINAS_SUMMA_EVID_00997_BODY_01,AQUINAS_SUMMA,Summa Theologica,Thomas Aquinas,997,Article. 7 - Whether the soul is united to the animal body by means of a body?,animal; soul,soul,animal~soul in heading (18); animal~soul in body (18),2026-09-04T17:19:48.899911+00:00,pending
the soul is united to,the soul is united to,Animal soul,1,1,AQUINAS_SUMMA_EVID_00997_BODY_01,AQUINAS_SUMMA,Summa Theologica,Thomas Aquinas,997,Article. 7 - Whether the soul is united to the animal body by means of a body?,animal; soul,soul,animal~soul in heading (18); animal~soul in body (18),2026-09-04T17:19:48.899911+00:00,pending
the soul which,the soul which,Animal soul,1,1,AQUINAS_SUMMA_EVID_06650_BODY_01,AQUINAS_SUMMA,Summa Theologica,Thomas Aquinas,6650,Article. 3 - Whether the ashes from which the human body will be restored have any natural inclination towards the soul which will be united to them?,animal; soul,soul,animal~soul in body (41),2026-09-04T17:19:48.899911+00:00,pending
the soul which will,the soul which will,Animal soul,1,1,AQUINAS_SUMMA_EVID_06650_BODY_01,AQUINAS_SUMMA,Summa Theologica,Thomas Aquinas,6650,Article. 3 - Whether the ashes from which the human body will be restored have any natural inclination towards the soul which will be united to them?,animal; soul,soul,animal~soul in body (41),2026-09-04T17:19:48.899911+00:00,pending
the souls of dumb,the souls of dumb,Animal soul,1,1,AQUINAS_GENTILES_EVID_00297_BODY_01,AQUINAS_GENTILES,Of God and His Creatures,Thomas Aquinas,297,Chapter LXXXII. That the Souls of Dumb Animals are not Immortal,animal; soul,soul,animal~soul in body (9),2026-09-04T17:19:48.899911+00:00,pending
the souls of dumb animals,the souls of dumb animals,Animal soul,1,1,AQUINAS_GENTILES_EVID_00297_BODY_01,AQUINAS_GENTILES,Of God and His Creatures,Thomas Aquinas,297,Chapter LXXXII. That the Souls of Dumb Animals are not Immortal,animal; soul,soul,animal~soul in body (9),2026-09-04T17:19:48.899911+00:00,pending
three souls,three souls,Animal soul,1,1,AQUINAS_GENTILES_EVID_00236_BODY_01,AQUINAS_GENTILES,Of God and His Creatures,Thomas Aquinas,236,"Chapter LVIII. That Vegetative, Sentient, and Intelligent are not in man Three Souls",animal; soul,soul,animal~soul in body (14),2026-09-04T17:19:48.899911+00:00,pending
to irrational animals,to irrational animals,Animal soul,1,1,AQUINAS_SUMMA_EVID_01636_BODY_01,AQUINAS_SUMMA,Summa Theologica,Thomas Aquinas,1636,Article. 2 - Whether command belongs to irrational animals?,animal; soul,soul,animal~soul in body (21),2026-09-04T17:19:48.899911+00:00,pending
towards the soul,towards the soul,Animal soul,1,1,AQUINAS_SUMMA_EVID_06650_BODY_01,AQUINAS_SUMMA,Summa Theologica,Thomas Aquinas,6650,Article. 3 - Whether the ashes from which the human body will be restored have any natural inclination towards the soul which will be united to them?,animal; soul,soul,animal~soul in body (41),2026-09-04T17:19:48.899911+00:00,pending
union of soul,union of soul,Animal soul,1,1,AQUINAS_SUMMA_EVID_04750_BODY_01,AQUINAS_SUMMA,Summa Theologica,Thomas Aquinas,4750,Article. 5 - Whether in Christ there is any union of soul and body?,animal; soul,soul,animal~soul in body (4),2026-09-04T17:19:48.899911+00:00,pending
union of soul and,union of soul and,Animal soul,1,1,AQUINAS_SUMMA_EVID_04750_BODY_01,AQUINAS_SUMMA,Summa Theologica,Thomas Aquinas,4750,Article. 5 - Whether in Christ there is any union of soul and body?,animal; soul,soul,animal~soul in body (4),2026-09-04T17:19:48.899911+00:00,pending
union of soul and body,union of soul and body,Animal soul,1,1,AQUINAS_SUMMA_EVID_04750_BODY_01,AQUINAS_SUMMA,Summa Theologica,Thomas Aquinas,4750,Article. 5 - Whether in Christ there is any union of soul and body?,animal; soul,soul,animal~soul in body (4),2026-09-04T17:19:48.899911+00:00,pending
water animals,water animals,Animal soul,1,1,NPNF2_08_EVID_00351_BODY_01,NPNF2_08,NPNF2-08. Basil: Letters and Select Works,Basil of Caesarea,351,The creation of fowl and water animals.,animal; soul,soul,animal~soul in body (67),2026-09-04T17:19:48.899911+00:00,pending
844 justification by faith,844 justification by faith,faith and works,1,1,CHARLES_HADDON_SPURGEON_SERMONS14_EVID_00709_BODY_01,CHARLES_HADDON_SPURGEON_SERMONS14,Spurgeon's Sermons Volume 14: 1868,Charles Haddon Spurgeon,709,Sermon 844. Justification by Faith—Illustrated by Abram's Righteousness,faith; works,faith; works,faith~works in body (5); works~faith in body (5),2026-09-04T17:19:48.899911+00:00,pending
844 justification by faith illustrated,844 justification by faith illustrated,faith and works,1,1,CHARLES_HADDON_SPURGEON_SERMONS14_EVID_00709_BODY_01,CHARLES_HADDON_SPURGEON_SERMONS14,Spurgeon's Sermons Volume 14: 1868,Charles Haddon Spurgeon,709,Sermon 844. Justification by Faith—Illustrated by Abram's Righteousness,faith; works,faith; works,faith~works in body (5); works~faith in body (5),2026-09-04T17:19:48.899911+00:00,pending
all sorts of works,all sorts of works,faith and works,1,1,JOHN_OWEN_JUST_EVID_00273_BODY_01,JOHN_OWEN_JUST,The Doctrine of Justification by Faith,John Owen,273,"Chapter XIV. The exclusion of all sorts of works from an interest in justification. What is intended by “the law,” and the “works” of it, in the epistles of Paul.",faith; works,faith; works,faith~works in heading (44); works~faith in heading (44); faith~works in body (14); works~faith in body (14),2026-09-04T17:19:48.899911+00:00,pending
all sorts of works from,all sorts of works from,faith and works,1,1,JOHN_OWEN_JUST_EVID_00273_BODY_01,JOHN_OWEN_JUST,The Doctrine of Justification by Faith,John Owen,273,"Chapter XIV. The exclusion of all sorts of works from an interest in justification. What is intended by “the law,” and the “works” of it, in the epistles of Paul.",faith; works,faith; works,faith~works in heading (44); works~faith in heading (44); faith~works in body (14); works~faith in body (14),2026-09-04T17:19:48.899911+00:00,pending
all works,all works,faith and works,1,1,JOHN_OWEN_JUST_EVID_00308_BODY_01,JOHN_OWEN_JUST,The Doctrine of Justification by Faith,John Owen,308,Romans iv.,faith; works,faith; works,faith~works in body (5); works~faith in body (5),2026-09-04T17:19:48.899911+00:00,pending
and not by works,and not by works,faith and works,1,1,NPNF1_05_EVID_01406_BODY_01,NPNF1_05,NPNF1-05. St. Augustine: Anti-Pelagian Writings,Augustine of Hippo,1406,Why the Apostle Said that We are Justified by Faith and Not by Works.,faith; works,faith; works,faith~works in heading (12); works~faith in heading (12); faith~works in body (6); works~faith in body (6),2026-09-04T17:19:48.899911+00:00,pending
and the works of it,and the works of it,faith and works,1,1,JOHN_OWEN_JUST_EVID_00273_BODY_01,JOHN_OWEN_JUST,The Doctrine of Justification by Faith,John Owen,273,"Chapter XIV. The exclusion of all sorts of works from an interest in justification. What is intended by “the law,” and the “works” of it, in the epistles of Paul.",faith; works,faith; works,faith~works in heading (44); works~faith in heading (44); faith~works in body (14); works~faith in body (14),2026-09-04T17:19:48.899911+00:00,pending
between works,between works,faith and works,1,1,JOHN_OWEN_JUST_EVID_00037_BODY_01,JOHN_OWEN_JUST,The Doctrine of Justification by Faith,John Owen,37,Opposition between works and grace,faith; works,faith; works,faith~works in heading (20); works~faith in heading (20); faith~works in body (5); works~faith in body (5),2026-09-04T17:19:48.899911+00:00,pending
between works and,between works and,faith and works,1,1,JOHN_OWEN_JUST_EVID_00037_BODY_01,JOHN_OWEN_JUST,The Doctrine of Justification by Faith,John Owen,37,Opposition between works and grace,faith; works,faith; works,faith~works in heading (20); works~faith in heading (20); faith~works in body (5); works~faith in body (5),2026-09-04T17:19:48.899911+00:00,pending
between works and grace,between works and grace,faith and works,1,1,JOHN_OWEN_JUST_EVID_00037_BODY_01,JOHN_OWEN_JUST,The Doctrine of Justification by Faith,John Owen,37,Opposition between works and grace,faith; works,faith; works,faith~works in heading (20); works~faith in heading (20); faith~works in body (5); works~faith in body (5),2026-09-04T17:19:48.899911+00:00,pending
by faith and,by faith and,faith and works,1,1,NPNF1_05_EVID_01406_BODY_01,NPNF1_05,NPNF1-05. St. Augustine: Anti-Pelagian Writings,Augustine of Hippo,1406,Why the Apostle Said that We are Justified by Faith and Not by Works.,faith; works,faith; works,faith~works in heading (12); works~faith in heading (12); faith~works in body (6); works~faith in body (6),2026-09-04T17:19:48.899911+00:00,pending
by faith and not,by faith and not,faith and works,1,1,NPNF1_05_EVID_01406_BODY_01,NPNF1_05,NPNF1-05. St. Augustine: Anti-Pelagian Writings,Augustine of Hippo,1406,Why the Apostle Said that We are Justified by Faith and Not by Works.,faith; works,faith; works,faith~works in heading (12); works~faith in heading (12); faith~works in body (6); works~faith in body (6),2026-09-04T17:19:48.899911+00:00,pending
by faith and not by,by faith and not by,faith and works,1,1,NPNF1_05_EVID_01406_BODY_01,NPNF1_05,NPNF1-05. St. Augustine: Anti-Pelagian Writings,Augustine of Hippo,1406,Why the Apostle Said that We are Justified by Faith and Not by Works.,faith; works,faith; works,faith~works in heading (12); works~faith in heading (12); faith~works in body (6); works~faith in body (6),2026-09-04T17:19:48.899911+00:00,pending
by faith illustrated,by faith illustrated,faith and works,1,1,CHARLES_HADDON_SPURGEON_SERMONS14_EVID_00709_BODY_01,CHARLES_HADDON_SPURGEON_SERMONS14,Spurgeon's Sermons Volume 14: 1868,Charles Haddon Spurgeon,709,Sermon 844. Justification by Faith—Illustrated by Abram's Righteousness,faith; works,faith; works,faith~works in body (5); works~faith in body (5),2026-09-04T17:19:48.899911+00:00,pending
by faith illustrated by,by faith illustrated by,faith and works,1,1,CHARLES_HADDON_SPURGEON_SERMONS14_EVID_00709_BODY_01,CHARLES_HADDON_SPURGEON_SERMONS14,Spurgeon's Sermons Volume 14: 1868,Charles Haddon Spurgeon,709,Sermon 844. Justification by Faith—Illustrated by Abram's Righteousness,faith; works,faith; works,faith~works in body (5); works~faith in body (5),2026-09-04T17:19:48.899911+00:00,pending
by faith illustrated by abram's,by faith illustrated by abram's,faith and works,1,1,CHARLES_HADDON_SPURGEON_SERMONS14_EVID_00709_BODY_01,CHARLES_HADDON_SPURGEON_SERMONS14,Spurgeon's Sermons Volume 14: 1868,Charles Haddon Spurgeon,709,Sermon 844. Justification by Faith—Illustrated by Abram's Righteousness,faith; works,faith; works,faith~works in body (5); works~faith in body (5),2026-09-04T17:19:48.899911+00:00,pending
by faith romans,by faith romans,faith and works,1,1,JOHN_OWEN_JUST_EVID_00308_BODY_01,JOHN_OWEN_JUST,The Doctrine of Justification by Faith,John Owen,308,Romans iv.,faith; works,faith; works,faith~works in body (5); works~faith in body (5),2026-09-04T17:19:48.899911+00:00,pending
by faith romans iv,by faith romans iv,faith and works,1,1,JOHN_OWEN_JUST_EVID_00308_BODY_01,JOHN_OWEN_JUST,The Doctrine of Justification by Faith,John Owen,308,Romans iv.,faith; works,faith; works,faith~works in body (5); works~faith in body (5),2026-09-04T17:19:48.899911+00:00,pending
by faith romans iv chapter,by faith romans iv chapter,faith and works,1,1,JOHN_OWEN_JUST_EVID_00308_BODY_01,JOHN_OWEN_JUST,The Doctrine of Justification by Faith,John Owen,308,Romans iv.,faith; works,faith; works,faith~works in body (5); works~faith in body (5),2026-09-04T17:19:48.899911+00:00,pending
chapter vi concerning faith,chapter vi concerning faith,faith and works,1,1,JONATHAN_EDWARDS_WORKS2_EVID_01665_BODY_01,JONATHAN_EDWARDS_WORKS2,"The Works of Jonathan Edwards, Volume Two",Jonathan Edwards,1665,CHAPTER VI. Concerning Faith,faith; works,faith; works,faith~works in heading (56); works~faith in heading (56); faith~works in body (7); works~faith in body (7),2026-09-04T17:19:48.899911+00:00,pending
chapter vi concerning faith x,chapter vi concerning faith x,faith and works,1,1,JONATHAN_EDWARDS_WORKS2_EVID_01665_BODY_01,JONATHAN_EDWARDS_WORKS2,"The Works of Jonathan Edwards, Volume Two",Jonathan Edwards,1665,CHAPTER VI. Concerning Faith,faith; works,faith; works,faith~works in heading (56); works~faith in heading (56); faith~works in body (7); works~faith in body (7),2026-09-04T17:19:48.899911+00:00,pending
concerning faith x,concerning faith x,faith and works,1,1,JONATHAN_EDWARDS_WORKS2_EVID_01665_BODY_01,JONATHAN_EDWARDS_WORKS2,"The Works of Jonathan Edwards, Volume Two",Jonathan Edwards,1665,CHAPTER VI. Concerning Faith,faith; works,faith; works,faith~works in heading (56); works~faith in heading (56); faith~works in body (7); works~faith in body (7),2026-09-04T17:19:48.899911+00:00,pending
concerning faith x remarks,concerning faith x remarks,faith and works,1,1,JONATHAN_EDWARDS_WORKS2_EVID_01665_BODY_01,JONATHAN_EDWARDS_WORKS2,"The Works of Jonathan Edwards, Volume Two",Jonathan Edwards,1665,CHAPTER VI. Concerning Faith,faith; works,faith; works,faith~works in heading (56); works~faith in heading (56); faith~works in body (7); works~faith in body (7),2026-09-04T17:19:48.899911+00:00,pending
concerning faith x remarks on,concerning faith x remarks on,faith and works,1,1,JONATHAN_EDWARDS_WORKS2_EVID_01665_BODY_01,JONATHAN_EDWARDS_WORKS2,"The Works of Jonathan Edwards, Volume Two",Jonathan Edwards,1665,CHAPTER VI. Concerning Faith,faith; works,faith; works,faith~works in heading (56); works~faith in heading (56); faith~works in body (7); works~faith in body (7),2026-09-04T17:19:48.899911+00:00,pending
faith alone,faith alone,faith and works,1,1,JOHN_OWEN_JUST_EVID_00308_BODY_01,JOHN_OWEN_JUST,The Doctrine of Justification by Faith,John Owen,308,Romans iv.,faith; works,faith; works,faith~works in body (5); works~faith in body (5),2026-09-04T17:19:48.899911+00:00,pending
faith and not,faith and not,faith and works,1,1,NPNF1_05_EVID_01406_BODY_01,NPNF1_05,NPNF1-05. St. Augustine: Anti-Pelagian Writings,Augustine of Hippo,1406,Why the Apostle Said that We are Justified by Faith and Not by Works.,faith; works,faith; works,faith~works in heading (12); works~faith in heading (12); faith~works in body (6); works~faith in body (6),2026-09-04T17:19:48.899911+00:00,pending
faith and not by,faith and not by,faith and works,1,1,NPNF1_05_EVID_01406_BODY_01,NPNF1_05,NPNF1-05. St. Augustine: Anti-Pelagian Writings,Augustine of Hippo,1406,Why the Apostle Said that We are Justified by Faith and Not by Works.,faith; works,faith; works,faith~works in heading (12); works~faith in heading (12); faith~works in body (6); works~faith in body (6),2026-09-04T17:19:48.899911+00:00,pending
faith illustrated,faith illustrated,faith and works,1,1,CHARLES_HADDON_SPURGEON_SERMONS14_EVID_00709_BODY_01,CHARLES_HADDON_SPURGEON_SERMONS14,Spurgeon's Sermons Volume 14: 1868,Charles Haddon Spurgeon,709,Sermon 844. Justification by Faith—Illustrated by Abram's Righteousness,faith; works,faith; works,faith~works in body (5); works~faith in body (5),2026-09-04T17:19:48.899911+00:00,pending
faith illustrated by,faith illustrated by,faith and works,1,1,CHARLES_HADDON_SPURGEON_SERMONS14_EVID_00709_BODY_01,CHARLES_HADDON_SPURGEON_SERMONS14,Spurgeon's Sermons Volume 14: 1868,Charles Haddon Spurgeon,709,Sermon 844. Justification by Faith—Illustrated by Abram's Righteousness,faith; works,faith; works,faith~works in body (5); works~faith in body (5),2026-09-04T17:19:48.899911+00:00,pending
faith opposition between works,faith opposition between works,faith and works,1,1,JOHN_OWEN_JUST_EVID_00037_BODY_01,JOHN_OWEN_JUST,The Doctrine of Justification by Faith,John Owen,37,Opposition between works and grace,faith; works,faith; works,faith~works in heading (20); works~faith in heading (20); faith~works in body (5); works~faith in body (5),2026-09-04T17:19:48.899911+00:00,pending
faith romans,faith romans,faith and works,1,1,JOHN_OWEN_JUST_EVID_00308_BODY_01,JOHN_OWEN_JUST,The Doctrine of Justification by Faith,John Owen,308,Romans iv.,faith; works,faith; works,faith~works in body (5); works~faith in body (5),2026-09-04T17:19:48.899911+00:00,pending
faith romans iv,faith romans iv,faith and works,1,1,JOHN_OWEN_JUST_EVID_00308_BODY_01,JOHN_OWEN_JUST,The Doctrine of Justification by Faith,John Owen,308,Romans iv.,faith; works,faith; works,faith~works in body (5); works~faith in body (5),2026-09-04T17:19:48.899911+00:00,pending
faith without works,faith without works,faith and works,1,1,NPNF1_03_EVID_00590_BODY_01,NPNF1_03,NPNF1-03. On the Holy Trinity; Doctrinal Treatises; Moral Treatises,Augustine of Hippo,590,"Faith Without Works is Dead, and Cannot Save a Man.",faith; works,faith; works,faith~works in heading (9); works~faith in heading (9); faith~works in body (5); works~faith in body (5),2026-09-04T17:19:48.899911+00:00,pending
faith without works is,faith without works is,faith and works,1,1,NPNF1_03_EVID_00590_BODY_01,NPNF1_03,NPNF1-03. On the Holy Trinity; Doctrinal Treatises; Moral Treatises,Augustine of Hippo,590,"Faith Without Works is Dead, and Cannot Save a Man.",faith; works,faith; works,faith~works in heading (9); works~faith in heading (9); faith~works in body (5); works~faith in body (5),2026-09-04T17:19:48.899911+00:00,pending
faith without works is dead,faith without works is dead,faith and works,1,1,NPNF1_03_EVID_00590_BODY_01,NPNF1_03,NPNF1-03. On the Holy Trinity; Doctrinal Treatises; Moral Treatises,Augustine of Hippo,590,"Faith Without Works is Dead, and Cannot Save a Man.",faith; works,faith; works,faith~works in heading (9); works~faith in heading (9); faith~works in body (5); works~faith in body (5),2026-09-04T17:19:48.899911+00:00,pending
faith x,faith x,faith and works,1,1,JONATHAN_EDWARDS_WORKS2_EVID_01665_BODY_01,JONATHAN_EDWARDS_WORKS2,"The Works of Jonathan Edwards, Volume Two",Jonathan Edwards,1665,CHAPTER VI. Concerning Faith,faith; works,faith; works,faith~works in heading (56); works~faith in heading (56); faith~works in body (7); works~faith in body (7),2026-09-04T17:19:48.899911+00:00,pending
law and the works,law and the works,faith and works,1,1,JOHN_OWEN_JUST_EVID_00273_BODY_01,JOHN_OWEN_JUST,The Doctrine of Justification by Faith,John Owen,273,"Chapter XIV. The exclusion of all sorts of works from an interest in justification. What is intended by “the law,” and the “works” of it, in the epistles of Paul.",faith; works,faith; works,faith~works in heading (44); works~faith in heading (44); faith~works in body (14); works~faith in body (14),2026-09-04T17:19:48.899911+00:00,pending
law and the works of,law and the works of,faith and works,1,1,JOHN_OWEN_JUST_EVID_00273_BODY_01,JOHN_OWEN_JUST,The Doctrine of Justification by Faith,John Owen,273,"Chapter XIV. The exclusion of all sorts of works from an interest in justification. What is intended by “the law,” and the “works” of it, in the epistles of Paul.",faith; works,faith; works,faith~works in heading (44); works~faith in heading (44); faith~works in body (14); works~faith in body (14),2026-09-04T17:19:48.899911+00:00,pending
of works from,of works from,faith and works,1,1,JOHN_OWEN_JUST_EVID_00273_BODY_01,JOHN_OWEN_JUST,The Doctrine of Justification by Faith,John Owen,273,"Chapter XIV. The exclusion of all sorts of works from an interest in justification. What is intended by “the law,” and the “works” of it, in the epistles of Paul.",faith; works,faith; works,faith~works in heading (44); works~faith in heading (44); faith~works in body (14); works~faith in body (14),2026-09-04T17:19:48.899911+00:00,pending
of works from an,of works from an,faith and works,1,1,JOHN_OWEN_JUST_EVID_00273_BODY_01,JOHN_OWEN_JUST,The Doctrine of Justification by Faith,John Owen,273,"Chapter XIV. The exclusion of all sorts of works from an interest in justification. What is intended by “the law,” and the “works” of it, in the epistles of Paul.",faith; works,faith; works,faith~works in heading (44); works~faith in heading (44); faith~works in body (14); works~faith in body (14),2026-09-04T17:19:48.899911+00:00,pending
opposition between works,opposition between works,faith and works,1,1,JOHN_OWEN_JUST_EVID_00037_BODY_01,JOHN_OWEN_JUST,The Doctrine of Justification by Faith,John Owen,37,Opposition between works and grace,faith; works,faith; works,faith~works in heading (20); works~faith in heading (20); faith~works in body (5); works~faith in body (5),2026-09-04T17:19:48.899911+00:00,pending
opposition between works and,opposition between works and,faith and works,1,1,JOHN_OWEN_JUST_EVID_00037_BODY_01,JOHN_OWEN_JUST,The Doctrine of Justification by Faith,John Owen,37,Opposition between works and grace,faith; works,faith; works,faith~works in heading (20); works~faith in heading (20); faith~works in body (5); works~faith in body (5),2026-09-04T17:19:48.899911+00:00,pending
opposition between works and grace,opposition between works and grace,faith and works,1,1,JOHN_OWEN_JUST_EVID_00037_BODY_01,JOHN_OWEN_JUST,The Doctrine of Justification by Faith,John Owen,37,Opposition between works and grace,faith; works,faith; works,faith~works in heading (20); works~faith in heading (20); faith~works in body (5); works~faith in body (5),2026-09-04T17:19:48.899911+00:00,pending
vi concerning faith,vi concerning faith,faith and works,1,1,JONATHAN_EDWARDS_WORKS2_EVID_01665_BODY_01,JONATHAN_EDWARDS_WORKS2,"The Works of Jonathan Edwards, Volume Two",Jonathan Edwards,1665,CHAPTER VI. Concerning Faith,faith; works,faith; works,faith~works in heading (56); works~faith in heading (56); faith~works in body (7); works~faith in body (7),2026-09-04T17:19:48.899911+00:00,pending
without works is,without works is,faith and works,1,1,NPNF1_03_EVID_00590_BODY_01,NPNF1_03,NPNF1-03. On the Holy Trinity; Doctrinal Treatises; Moral Treatises,Augustine of Hippo,590,"Faith Without Works is Dead, and Cannot Save a Man.",faith; works,faith; works,faith~works in heading (9); works~faith in heading (9); faith~works in body (5); works~faith in body (5),2026-09-04T17:19:48.899911+00:00,pending
without works is dead,without works is dead,faith and works,1,1,NPNF1_03_EVID_00590_BODY_01,NPNF1_03,NPNF1-03. On the Holy Trinity; Doctrinal Treatises; Moral Treatises,Augustine of Hippo,590,"Faith Without Works is Dead, and Cannot Save a Man.",faith; works,faith; works,faith~works in heading (9); works~faith in heading (9); faith~works in body (5); works~faith in body (5),2026-09-04T17:19:48.899911+00:00,pending
without works is dead and,without works is dead and,faith and works,1,1,NPNF1_03_EVID_00590_BODY_01,NPNF1_03,NPNF1-03. On the Holy Trinity; Doctrinal Treatises; Moral Treatises,Augustine of Hippo,590,"Faith Without Works is Dead, and Cannot Save a Man.",faith; works,faith; works,faith~works in heading (9); works~faith in heading (9); faith~works in body (5); works~faith in body (5),2026-09-04T17:19:48.899911+00:00,pending
works and grace,works and grace,faith and works,1,1,JOHN_OWEN_JUST_EVID_00037_BODY_01,JOHN_OWEN_JUST,The Doctrine of Justification by Faith,John Owen,37,Opposition between works and grace,faith; works,faith; works,faith~works in heading (20); works~faith in heading (20); faith~works in body (5); works~faith in body (5),2026-09-04T17:19:48.899911+00:00,pending
works is,works is,faith and works,1,1,NPNF1_03_EVID_00590_BODY_01,NPNF1_03,NPNF1-03. On the Holy Trinity; Doctrinal Treatises; Moral Treatises,Augustine of Hippo,590,"Faith Without Works is Dead, and Cannot Save a Man.",faith; works,faith; works,faith~works in heading (9); works~faith in heading (9); faith~works in body (5); works~faith in body (5),2026-09-04T17:19:48.899911+00:00,pending
works is dead,works is dead,faith and works,1,1,NPNF1_03_EVID_00590_BODY_01,NPNF1_03,NPNF1-03. On the Holy Trinity; Doctrinal Treatises; Moral Treatises,Augustine of Hippo,590,"Faith Without Works is Dead, and Cannot Save a Man.",faith; works,faith; works,faith~works in heading (9); works~faith in heading (9); faith~works in body (5); works~faith in body (5),2026-09-04T17:19:48.899911+00:00,pending
works of it,works of it,faith and works,1,1,JOHN_OWEN_JUST_EVID_00273_BODY_01,JOHN_OWEN_JUST,The Doctrine of Justification by Faith,John Owen,273,"Chapter XIV. The exclusion of all sorts of works from an interest in justification. What is intended by “the law,” and the “works” of it, in the epistles of Paul.",faith; works,faith; works,faith~works in heading (44); works~faith in heading (44); faith~works in body (14); works~faith in body (14),2026-09-04T17:19:48.899911+00:00,pending
conception of the image,conception of the image,image of God,1,1,LOUIS_BERKHOF_SYSTEMATICTHEOLOGY_EVID_00198_BODY_01,LOUIS_BERKHOF_SYSTEMATICTHEOLOGY,Systematic Theology,Louis Berkhof,198,III. Man as the Image of God,god; image,god; image of god,image~image of god in heading (0); image~god in heading (4); god~image of god in heading (0); image~image of god in body (0),2026-09-04T17:19:48.899911+00:00,pending
god as,god as,image of God,1,1,AQUINAS_SUMMA_EVID_01212_BODY_01,AQUINAS_SUMMA,Summa Theologica,Thomas Aquinas,1212,Article. 8 - Whether the image of the Divine Trinity is in the soul only by comparison with God as its object?,god; image,god; image of god,image~god in heading (62); image~image of god in body (0); image~god in body (4); god~image of god in body (0),2026-09-04T17:19:48.899911+00:00,pending
god than,god than,image of God,1,1,AQUINAS_SUMMA_EVID_01202_BODY_01,AQUINAS_SUMMA,Summa Theologica,Thomas Aquinas,1202,Article. 3 - Whether the angels are more to the image of God than man is?,god; image,god; image of god,image~image of god in heading (0); image~god in heading (4); god~image of god in heading (0); image~image of god in body (0),2026-09-04T17:19:48.899911+00:00,pending
god the image of,god the image of,image of God,1,1,NPNF1_03_EVID_00425_BODY_01,NPNF1_03,NPNF1-03. On the Holy Trinity; Doctrinal Treatises; Moral Treatises,Augustine of Hippo,425,The Image of God is to Be Sought in the Immortality of the Rational Soul. How a Trinity is Demonstrated in the Mind.,god; image,god; image of god,image~image of god in heading (0); image~god in heading (4); god~image of god in heading (0); image~image of god in body (0),2026-09-04T17:19:48.899911+00:00,pending
image of god although,image of god although,image of God,1,1,NPNF1_03_EVID_00425_BODY_01,NPNF1_03,NPNF1-03. On the Holy Trinity; Doctrinal Treatises; Moral Treatises,Augustine of Hippo,425,The Image of God is to Be Sought in the Immortality of the Rational Soul. How a Trinity is Demonstrated in the Mind.,god; image,god; image of god,image~image of god in heading (0); image~god in heading (4); god~image of god in heading (0); image~image of god in body (0),2026-09-04T17:19:48.899911+00:00,pending
image of god but,image of god but,image of God,1,1,NPNF1_03_EVID_00365_BODY_01,NPNF1_03,NPNF1-03. On the Holy Trinity; Doctrinal Treatises; Moral Treatises,Augustine of Hippo,365,"How Man is the Image of God. Whether the Woman is Not Also the Image of God. How the Saying of the Apostle, that the Man is the Image of God, But the Woman is the Glory of the Man, is to Be Understood Figuratively and Mystically.",god; image,god; image of god,image~image of god in heading (0); image~god in heading (4); god~image of god in heading (0); image~image of god in body (0),2026-09-04T17:19:48.899911+00:00,pending
image of god how,image of god how,image of God,1,1,NPNF1_03_EVID_00365_BODY_01,NPNF1_03,NPNF1-03. On the Holy Trinity; Doctrinal Treatises; Moral Treatises,Augustine of Hippo,365,"How Man is the Image of God. Whether the Woman is Not Also the Image of God. How the Saying of the Apostle, that the Man is the Image of God, But the Woman is the Glory of the Man, is to Be Understood Figuratively and Mystically.",god; image,god; image of god,image~image of god in heading (0); image~god in heading (4); god~image of god in heading (0); image~image of god in body (0),2026-09-04T17:19:48.899911+00:00,pending
image of god is found,image of god is found,image of God,1,1,AQUINAS_SUMMA_EVID_01204_BODY_01,AQUINAS_SUMMA,Summa Theologica,Thomas Aquinas,1204,Article. 4 - Whether the image of God is found in every man?,god; image,god; image of god,image~image of god in heading (0); image~god in heading (4); god~image of god in heading (0); image~image of god in body (0),2026-09-04T17:19:48.899911+00:00,pending
image of god part two,image of god part two,image of God,1,1,LOUIS_BERKHOF_SYSTEMATICTHEOLOGY_EVID_00199_BODY_01,LOUIS_BERKHOF_SYSTEMATICTHEOLOGY,Systematic Theology,Louis Berkhof,199,III. Man as the Image of God,god; image,god; image of god,image~image of god in heading (0); image~god in heading (4); god~image of god in heading (0); image~image of god in body (0),2026-09-04T17:19:48.899911+00:00,pending
image of god than,image of god than,image of God,1,1,AQUINAS_SUMMA_EVID_01202_BODY_01,AQUINAS_SUMMA,Summa Theologica,Thomas Aquinas,1202,Article. 3 - Whether the angels are more to the image of God than man is?,god; image,god; image of god,image~image of god in heading (0); image~god in heading (4); god~image of god in heading (0); image~image of god in body (0),2026-09-04T17:19:48.899911+00:00,pending
image of god than man,image of god than man,image of God,1,1,AQUINAS_SUMMA_EVID_01202_BODY_01,AQUINAS_SUMMA,Summa Theologica,Thomas Aquinas,1202,Article. 3 - Whether the angels are more to the image of God than man is?,god; image,god; image of god,image~image of god in heading (0); image~god in heading (4); god~image of god in heading (0); image~image of god in body (0),2026-09-04T17:19:48.899911+00:00,pending
image of the divine,image of the divine,image of God,1,1,AQUINAS_SUMMA_EVID_01212_BODY_01,AQUINAS_SUMMA,Summa Theologica,Thomas Aquinas,1212,Article. 8 - Whether the image of the Divine Trinity is in the soul only by comparison with God as its object?,god; image,god; image of god,image~god in heading (62); image~image of god in body (0); image~god in body (4); god~image of god in body (0),2026-09-04T17:19:48.899911+00:00,pending
image of the divine trinity,image of the divine trinity,image of God,1,1,AQUINAS_SUMMA_EVID_01212_BODY_01,AQUINAS_SUMMA,Summa Theologica,Thomas Aquinas,1212,Article. 8 - Whether the image of the Divine Trinity is in the soul only by comparison with God as its object?,god; image,god; image of god,image~god in heading (62); image~image of god in body (0); image~god in body (4); god~image of god in body (0),2026-09-04T17:19:48.899911+00:00,pending
is the image,is the image,image of God,1,1,NPNF1_03_EVID_00365_BODY_01,NPNF1_03,NPNF1-03. On the Holy Trinity; Doctrinal Treatises; Moral Treatises,Augustine of Hippo,365,"How Man is the Image of God. Whether the Woman is Not Also the Image of God. How the Saying of the Apostle, that the Man is the Image of God, But the Woman is the Glory of the Man, is to Be Understood Figuratively and Mystically.",god; image,god; image of god,image~image of god in heading (0); image~god in heading (4); god~image of god in heading (0); image~image of god in body (0),2026-09-04T17:19:48.899911+00:00,pending
is the image of,is the image of,image of God,1,1,NPNF1_03_EVID_00365_BODY_01,NPNF1_03,NPNF1-03. On the Holy Trinity; Doctrinal Treatises; Moral Treatises,Augustine of Hippo,365,"How Man is the Image of God. Whether the Woman is Not Also the Image of God. How the Saying of the Apostle, that the Man is the Image of God, But the Woman is the Glory of the Man, is to Be Understood Figuratively and Mystically.",god; image,god; image of god,image~image of god in heading (0); image~god in heading (4); god~image of god in heading (0); image~image of god in body (0),2026-09-04T17:19:48.899911+00:00,pending
is the image of god,is the image of god,image of God,1,1,NPNF1_03_EVID_00365_BODY_01,NPNF1_03,NPNF1-03. On the Holy Trinity; Doctrinal Treatises; Moral Treatises,Augustine of Hippo,365,"How Man is the Image of God. Whether the Woman is Not Also the Image of God. How the Saying of the Apostle, that the Man is the Image of God, But the Woman is the Glory of the Man, is to Be Understood Figuratively and Mystically.",god; image,god; image of god,image~image of god in heading (0); image~god in heading (4); god~image of god in heading (0); image~image of god in body (0),2026-09-04T17:19:48.899911+00:00,pending
of god is found,of god is found,image of God,1,1,AQUINAS_SUMMA_EVID_01204_BODY_01,AQUINAS_SUMMA,Summa Theologica,Thomas Aquinas,1204,Article. 4 - Whether the image of God is found in every man?,god; image,god; image of god,image~image of god in heading (0); image~god in heading (4); god~image of god in heading (0); image~image of god in body (0),2026-09-04T17:19:48.899911+00:00,pending
of god than,of god than,image of God,1,1,AQUINAS_SUMMA_EVID_01202_BODY_01,AQUINAS_SUMMA,Summa Theologica,Thomas Aquinas,1202,Article. 3 - Whether the angels are more to the image of God than man is?,god; image,god; image of god,image~image of god in heading (0); image~god in heading (4); god~image of god in heading (0); image~image of god in body (0),2026-09-04T17:19:48.899911+00:00,pending
of god than man,of god than man,image of God,1,1,AQUINAS_SUMMA_EVID_01202_BODY_01,AQUINAS_SUMMA,Summa Theologica,Thomas Aquinas,1202,Article. 3 - Whether the angels are more to the image of God than man is?,god; image,god; image of god,image~image of god in heading (0); image~god in heading (4); god~image of god in heading (0); image~image of god in body (0),2026-09-04T17:19:48.899911+00:00,pending
of the divine trinity,of the divine trinity,image of God,1,1,AQUINAS_SUMMA_EVID_01212_BODY_01,AQUINAS_SUMMA,Summa Theologica,Thomas Aquinas,1212,Article. 8 - Whether the image of the Divine Trinity is in the soul only by comparison with God as its object?,god; image,god; image of god,image~god in heading (62); image~image of god in body (0); image~god in body (4); god~image of god in body (0),2026-09-04T17:19:48.899911+00:00,pending
of the image of god,of the image of god,image of God,1,1,LOUIS_BERKHOF_SYSTEMATICTHEOLOGY_EVID_00198_BODY_01,LOUIS_BERKHOF_SYSTEMATICTHEOLOGY,Systematic Theology,Louis Berkhof,198,III. Man as the Image of God,god; image,god; image of god,image~image of god in heading (0); image~god in heading (4); god~image of god in heading (0); image~image of god in body (0),2026-09-04T17:19:48.899911+00:00,pending
the image of god but,the image of god but,image of God,1,1,NPNF1_03_EVID_00365_BODY_01,NPNF1_03,NPNF1-03. On the Holy Trinity; Doctrinal Treatises; Moral Treatises,Augustine of Hippo,365,"How Man is the Image of God. Whether the Woman is Not Also the Image of God. How the Saying of the Apostle, that the Man is the Image of God, But the Woman is the Glory of the Man, is to Be Understood Figuratively and Mystically.",god; image,god; image of god,image~image of god in heading (0); image~god in heading (4); god~image of god in heading (0); image~image of god in body (0),2026-09-04T17:19:48.899911+00:00,pending
the image of god how,the image of god how,image of God,1,1,NPNF1_03_EVID_00365_BODY_01,NPNF1_03,NPNF1-03. On the Holy Trinity; Doctrinal Treatises; Moral Treatises,Augustine of Hippo,365,"How Man is the Image of God. Whether the Woman is Not Also the Image of God. How the Saying of the Apostle, that the Man is the Image of God, But the Woman is the Glory of the Man, is to Be Understood Figuratively and Mystically.",god; image,god; image of god,image~image of god in heading (0); image~god in heading (4); god~image of god in heading (0); image~image of god in body (0),2026-09-04T17:19:48.899911+00:00,pending
the image of god than,the image of god than,image of God,1,1,AQUINAS_SUMMA_EVID_01202_BODY_01,AQUINAS_SUMMA,Summa Theologica,Thomas Aquinas,1202,Article. 3 - Whether the angels are more to the image of God than man is?,god; image,god; image of god,image~image of god in heading (0); image~god in heading (4); god~image of god in heading (0); image~image of god in body (0),2026-09-04T17:19:48.899911+00:00,pending
the image of the divine,the image of the divine,image of God,1,1,AQUINAS_SUMMA_EVID_01212_BODY_01,AQUINAS_SUMMA,Summa Theologica,Thomas Aquinas,1212,Article. 8 - Whether the image of the Divine Trinity is in the soul only by comparison with God as its object?,god; image,god; image of god,image~god in heading (62); image~image of god in body (0); image~god in body (4); god~image of god in body (0),2026-09-04T17:19:48.899911+00:00,pending
to the image of god,to the image of god,image of God,1,1,AQUINAS_SUMMA_EVID_01202_BODY_01,AQUINAS_SUMMA,Summa Theologica,Thomas Aquinas,1202,Article. 3 - Whether the angels are more to the image of God than man is?,god; image,god; image of god,image~image of god in heading (0); image~god in heading (4); god~image of god in heading (0); image~image of god in body (0),2026-09-04T17:19:48.899911+00:00,pending
whether the image of the,whether the image of the,image of God,1,1,AQUINAS_SUMMA_EVID_01212_BODY_01,AQUINAS_SUMMA,Summa Theologica,Thomas Aquinas,1212,Article. 8 - Whether the image of the Divine Trinity is in the soul only by comparison with God as its object?,god; image,god; image of god,image~god in heading (62); image~image of god in body (0); image~god in body (4); god~image of god in body (0),2026-09-04T17:19:48.899911+00:00,pending
1687 the law,1687 the law,live under law,1,1,CHARLES_HADDON_SPURGEON_SERMONS28_EVID_00639_BODY_01,CHARLES_HADDON_SPURGEON_SERMONS28,Spurgeon's Sermons Volume 28: 1882,Charles Haddon Spurgeon,639,Sermon 1687. The Law Written in the Heart,law; live,law,live~law in body (90),2026-09-04T17:19:48.899911+00:00,pending
1687 the law written,1687 the law written,live under law,1,1,CHARLES_HADDON_SPURGEON_SERMONS28_EVID_00639_BODY_01,CHARLES_HADDON_SPURGEON_SERMONS28,Spurgeon's Sermons Volume 28: 1882,Charles Haddon Spurgeon,639,Sermon 1687. The Law Written in the Heart,law; live,law,live~law in body (90),2026-09-04T17:19:48.899911+00:00,pending
1932 love's law,1932 love's law,live under law,1,1,CHARLES_HADDON_SPURGEON_SERMONS32_EVID_00684_BODY_01,CHARLES_HADDON_SPURGEON_SERMONS32,Spurgeon's Sermons Volume 32: 1886,Charles Haddon Spurgeon,684,Sermon 1932. Love's Law and Life,law; live,law,live~law in body (115),2026-09-04T17:19:48.899911+00:00,pending
1932 love's law and,1932 love's law and,live under law,1,1,CHARLES_HADDON_SPURGEON_SERMONS32_EVID_00684_BODY_01,CHARLES_HADDON_SPURGEON_SERMONS32,Spurgeon's Sermons Volume 32: 1886,Charles Haddon Spurgeon,684,Sermon 1932. Love's Law and Life,law; live,law,live~law in body (115),2026-09-04T17:19:48.899911+00:00,pending
1932 love's law and life,1932 love's law and life,live under law,1,1,CHARLES_HADDON_SPURGEON_SERMONS32_EVID_00684_BODY_01,CHARLES_HADDON_SPURGEON_SERMONS32,Spurgeon's Sermons Volume 32: 1886,Charles Haddon Spurgeon,684,Sermon 1932. Love's Law and Life,law; live,law,live~law in body (115),2026-09-04T17:19:48.899911+00:00,pending
a law in,a law in,live under law,1,1,JOHN_OWEN_INDWELLINGSIN_EVID_00020_BODY_01,JOHN_OWEN_INDWELLINGSIN,"The Nature, Power, Deceit, and Prevelancy of the Remainders of Indwelling Sin in Believers",John Owen,20,Chapter II. Indwelling sin a law — In what sense it is so called — What kind of law it is — An inward effective principle called a law — The power of sin thence evinced.,law; live,law,live~law in body (18),2026-09-04T17:19:48.899911+00:00,pending
a law in what,a law in what,live under law,1,1,JOHN_OWEN_INDWELLINGSIN_EVID_00020_BODY_01,JOHN_OWEN_INDWELLINGSIN,"The Nature, Power, Deceit, and Prevelancy of the Remainders of Indwelling Sin in Believers",John Owen,20,Chapter II. Indwelling sin a law — In what sense it is so called — What kind of law it is — An inward effective principle called a law — The power of sin thence evinced.,law; live,law,live~law in body (18),2026-09-04T17:19:48.899911+00:00,pending
a law in what sense,a law in what sense,live under law,1,1,JOHN_OWEN_INDWELLINGSIN_EVID_00020_BODY_01,JOHN_OWEN_INDWELLINGSIN,"The Nature, Power, Deceit, and Prevelancy of the Remainders of Indwelling Sin in Believers",John Owen,20,Chapter II. Indwelling sin a law — In what sense it is so called — What kind of law it is — An inward effective principle called a law — The power of sin thence evinced.,law; live,law,live~law in body (18),2026-09-04T17:19:48.899911+00:00,pending
a law the power,a law the power,live under law,1,1,JOHN_OWEN_INDWELLINGSIN_EVID_00020_BODY_01,JOHN_OWEN_INDWELLINGSIN,"The Nature, Power, Deceit, and Prevelancy of the Remainders of Indwelling Sin in Believers",John Owen,20,Chapter II. Indwelling sin a law — In what sense it is so called — What kind of law it is — An inward effective principle called a law — The power of sin thence evinced.,law; live,law,live~law in body (18),2026-09-04T17:19:48.899911+00:00,pending
a law the power of,a law the power of,live under law,1,1,JOHN_OWEN_INDWELLINGSIN_EVID_00020_BODY_01,JOHN_OWEN_INDWELLINGSIN,"The Nature, Power, Deceit, and Prevelancy of the Remainders of Indwelling Sin in Believers",John Owen,20,Chapter II. Indwelling sin a law — In what sense it is so called — What kind of law it is — An inward effective principle called a law — The power of sin thence evinced.,law; live,law,live~law in body (18),2026-09-04T17:19:48.899911+00:00,pending
a living law,a living law,live under law,1,1,CHARLES_HADDON_SPURGEON_SERMONS49_EVID_00236_BODY_01,CHARLES_HADDON_SPURGEON_SERMONS49,Spurgeon's Sermons Volume 49: 1903,Charles Haddon Spurgeon,236,Sermon 2831. Burden-bearing,law; live,law,live~law in body (1),2026-09-04T17:19:48.899911+00:00,pending
a living law which,a living law which,live under law,1,1,CHARLES_HADDON_SPURGEON_SERMONS49_EVID_00236_BODY_01,CHARLES_HADDON_SPURGEON_SERMONS49,Spurgeon's Sermons Volume 49: 1903,Charles Haddon Spurgeon,236,Sermon 2831. Burden-bearing,law; live,law,live~law in body (1),2026-09-04T17:19:48.899911+00:00,pending
a living law which touches,a living law which touches,live under law,1,1,CHARLES_HADDON_SPURGEON_SERMONS49_EVID_00236_BODY_01,CHARLES_HADDON_SPURGEON_SERMONS49,Spurgeon's Sermons Volume 49: 1903,Charles Haddon Spurgeon,236,Sermon 2831. Burden-bearing,law; live,law,live~law in body (1),2026-09-04T17:19:48.899911+00:00,pending
adulterous generation the law,adulterous generation the law,live under law,1,1,ANF_09_EVID_00890_BODY_01,ANF_09,"ANF09. The Gospel of Peter, The Diatessaron of Tatian, The Apocalypse of Peter, the Vision of Paul, The Apocalypse of the Virgin and Sedrach, The Testament of Abraham, The Acts of Xanthippe and Polyxena, The Narrative of Zosimus, The Apology of Aristides, The Epistles of Clement (complete text), Origen’s Commentary on John, Books 1–10, and Commentary on Matthew, Books 1, 2, and 10–14.",Origen,890,Why Jesus Called Them an Adulterous Generation. The Law as Husband.,law; live,law,live~law in body (11),2026-09-04T17:19:48.899911+00:00,pending
adulterous generation the law as,adulterous generation the law as,live under law,1,1,ANF_09_EVID_00890_BODY_01,ANF_09,"ANF09. The Gospel of Peter, The Diatessaron of Tatian, The Apocalypse of Peter, the Vision of Paul, The Apocalypse of the Virgin and Sedrach, The Testament of Abraham, The Acts of Xanthippe and Polyxena, The Narrative of Zosimus, The Apology of Aristides, The Epistles of Clement (complete text), Origen’s Commentary on John, Books 1–10, and Commentary on Matthew, Books 1, 2, and 10–14.",Origen,890,Why Jesus Called Them an Adulterous Generation. The Law as Husband.,law; live,law,live~law in body (11),2026-09-04T17:19:48.899911+00:00,pending
and holy lives,and holy lives,live under law,1,1,NPNF1_05_EVID_00734_BODY_01,NPNF1_05,NPNF1-05. St. Augustine: Anti-Pelagian Writings,Augustine of Hippo,734,Grace Placed by Pelagius in the Remission of Sins and the Example of Christ.,law; live,law,live~law in body (11),2026-09-04T17:19:48.899911+00:00,pending
and holy lives how,and holy lives how,live under law,1,1,NPNF1_05_EVID_00734_BODY_01,NPNF1_05,NPNF1-05. St. Augustine: Anti-Pelagian Writings,Augustine of Hippo,734,Grace Placed by Pelagius in the Remission of Sins and the Example of Christ.,law; live,law,live~law in body (11),2026-09-04T17:19:48.899911+00:00,pending
and holy lives how much,and holy lives how much,live under law,1,1,NPNF1_05_EVID_00734_BODY_01,NPNF1_05,NPNF1-05. St. Augustine: Anti-Pelagian Writings,Augustine of Hippo,734,Grace Placed by Pelagius in the Remission of Sins and the Example of Christ.,law; live,law,live~law in body (11),2026-09-04T17:19:48.899911+00:00,pending
are under law,are under law,live under law,1,1,CHARLES_HADDON_SPURGEON_SERMONS55_EVID_00289_BODY_01,CHARLES_HADDON_SPURGEON_SERMONS55,Spurgeon's Sermons Volume 55: 1909,Charles Haddon Spurgeon,289,Sermon 3148. Christ's Ambassadors,law; live,law,live~law in body (9),2026-09-04T17:19:48.899911+00:00,pending
are under the law,are under the law,live under law,1,1,NPNF1_05_EVID_00734_BODY_01,NPNF1_05,NPNF1-05. St. Augustine: Anti-Pelagian Writings,Augustine of Hippo,734,Grace Placed by Pelagius in the Remission of Sins and the Example of Christ.,law; live,law,live~law in body (11),2026-09-04T17:19:48.899911+00:00,pending
are under the law on,are under the law on,live under law,1,1,NPNF1_05_EVID_00734_BODY_01,NPNF1_05,NPNF1-05. St. Augustine: Anti-Pelagian Writings,Augustine of Hippo,734,Grace Placed by Pelagius in the Remission of Sins and the Example of Christ.,law; live,law,live~law in body (11),2026-09-04T17:19:48.899911+00:00,pending
british law,british law,live under law,1,1,JOHN_OWEN_TRUTHINNOCENCE_EVID_00057_BODY_01,JOHN_OWEN_TRUTHINNOCENCE,Truth and Innocence Vindicated,John Owen,57,A Survey of the First Chapter. Inconsistent expressions of Parker in regard to the power of the magistrate and the rights of conscience — The design of his discourse to prove the magistrate’s authority to govern the consciences of his subjects in affairs of religion — This doctrine inconsistent with British law — Ascribes more power to the magistrate than to Christ — Contrary to the history of the royal prerogative — Alleged necessity of the principle to public peace and order — Evils alleged to spring from liberty of conscience — The principle of Parker no real preventive to these evils — Various pleas refuted.,law; live,law,live~law in body (33),2026-09-04T17:19:48.899911+00:00,pending
british law ascribes,british law ascribes,live under law,1,1,JOHN_OWEN_TRUTHINNOCENCE_EVID_00057_BODY_01,JOHN_OWEN_TRUTHINNOCENCE,Truth and Innocence Vindicated,John Owen,57,A Survey of the First Chapter. Inconsistent expressions of Parker in regard to the power of the magistrate and the rights of conscience — The design of his discourse to prove the magistrate’s authority to govern the consciences of his subjects in affairs of religion — This doctrine inconsistent with British law — Ascribes more power to the magistrate than to Christ — Contrary to the history of the royal prerogative — Alleged necessity of the principle to public peace and order — Evils alleged to spring from liberty of conscience — The principle of Parker no real preventive to these evils — Various pleas refuted.,law; live,law,live~law in body (33),2026-09-04T17:19:48.899911+00:00,pending
british law ascribes more,british law ascribes more,live under law,1,1,JOHN_OWEN_TRUTHINNOCENCE_EVID_00057_BODY_01,JOHN_OWEN_TRUTHINNOCENCE,Truth and Innocence Vindicated,John Owen,57,A Survey of the First Chapter. Inconsistent expressions of Parker in regard to the power of the magistrate and the rights of conscience — The design of his discourse to prove the magistrate’s authority to govern the consciences of his subjects in affairs of religion — This doctrine inconsistent with British law — Ascribes more power to the magistrate than to Christ — Contrary to the history of the royal prerogative — Alleged necessity of the principle to public peace and order — Evils alleged to spring from liberty of conscience — The principle of Parker no real preventive to these evils — Various pleas refuted.,law; live,law,live~law in body (33),2026-09-04T17:19:48.899911+00:00,pending
british law ascribes more power,british law ascribes more power,live under law,1,1,JOHN_OWEN_TRUTHINNOCENCE_EVID_00057_BODY_01,JOHN_OWEN_TRUTHINNOCENCE,Truth and Innocence Vindicated,John Owen,57,A Survey of the First Chapter. Inconsistent expressions of Parker in regard to the power of the magistrate and the rights of conscience — The design of his discourse to prove the magistrate’s authority to govern the consciences of his subjects in affairs of religion — This doctrine inconsistent with British law — Ascribes more power to the magistrate than to Christ — Contrary to the history of the royal prerogative — Alleged necessity of the principle to public peace and order — Evils alleged to spring from liberty of conscience — The principle of Parker no real preventive to these evils — Various pleas refuted.,law; live,law,live~law in body (33),2026-09-04T17:19:48.899911+00:00,pending
by the law and,by the law and,live under law,1,1,JOHN_OWEN_JUST_EVID_00271_BODY_01,JOHN_OWEN_JUST,The Doctrine of Justification by Faith,John Owen,271,"Chapter XIV. The exclusion of all sorts of works from an interest in justification. What is intended by “the law,” and the “works” of it, in the epistles of Paul.",law; live,law,live~law in body (15),2026-09-04T17:19:48.899911+00:00,pending
by the law and the,by the law and the,live under law,1,1,JOHN_OWEN_JUST_EVID_00271_BODY_01,JOHN_OWEN_JUST,The Doctrine of Justification by Faith,John Owen,271,"Chapter XIV. The exclusion of all sorts of works from an interest in justification. What is intended by “the law,” and the “works” of it, in the epistles of Paul.",law; live,law,live~law in body (15),2026-09-04T17:19:48.899911+00:00,pending
called a law,called a law,live under law,1,1,JOHN_OWEN_INDWELLINGSIN_EVID_00020_BODY_01,JOHN_OWEN_INDWELLINGSIN,"The Nature, Power, Deceit, and Prevelancy of the Remainders of Indwelling Sin in Believers",John Owen,20,Chapter II. Indwelling sin a law — In what sense it is so called — What kind of law it is — An inward effective principle called a law — The power of sin thence evinced.,law; live,law,live~law in body (18),2026-09-04T17:19:48.899911+00:00,pending
chapter xix the law,chapter xix the law,live under law,1,1,CHARLES_HODGE_THEOLOGY3_EVID_00361_BODY_01,CHARLES_HODGE_THEOLOGY3,Systematic Theology - Volume III,Charles Hodge,361,11. The Seventh Commandment.,law; live,law,,2026-09-04T17:19:48.899911+00:00,pending
chapter xix the law 11,chapter xix the law 11,live under law,1,1,CHARLES_HODGE_THEOLOGY3_EVID_00361_BODY_01,CHARLES_HODGE_THEOLOGY3,Systematic Theology - Volume III,Charles Hodge,361,11. The Seventh Commandment.,law; live,law,,2026-09-04T17:19:48.899911+00:00,pending
dead to the law,dead to the law,live under law,1,1,LUTHER_GALATIANS_EVID_00053_BODY_01,LUTHER_GALATIANS,A Commentary on St. Paul's Epistle to the Galatians,Martin Luther,53,Galatians 2,law; live,law,live~law in body (11),2026-09-04T17:19:48.899911+00:00,pending
dead unto the law,dead unto the law,live under law,1,1,LUTHER_GALATIANS_EVID_00053_BODY_01,LUTHER_GALATIANS,A Commentary on St. Paul's Epistle to the Galatians,Martin Luther,53,Galatians 2,law; live,law,live~law in body (11),2026-09-04T17:19:48.899911+00:00,pending
division of human laws,division of human laws,live under law,1,1,AQUINAS_SUMMA_EVID_02468_BODY_01,AQUINAS_SUMMA,Summa Theologica,Thomas Aquinas,2468,Article. 4 - Whether Isidore's division of human laws is appropriate?,law; live,law,live~law in body (35),2026-09-04T17:19:48.899911+00:00,pending
division of human laws is,division of human laws is,live under law,1,1,AQUINAS_SUMMA_EVID_02468_BODY_01,AQUINAS_SUMMA,Summa Theologica,Thomas Aquinas,2468,Article. 4 - Whether Isidore's division of human laws is appropriate?,law; live,law,live~law in body (35),2026-09-04T17:19:48.899911+00:00,pending
end of the law,end of the law,live under law,1,1,CHARLES_HADDON_SPURGEON_SERMONS22_EVID_00696_BODY_01,CHARLES_HADDON_SPURGEON_SERMONS22,Spurgeon's Sermons Volume 22: 1876,Charles Haddon Spurgeon,696,Sermon 1325. Christ the End of the Law,law; live,law,live~law in body (2),2026-09-04T17:19:48.899911+00:00,pending
end of the law sermon,end of the law sermon,live under law,1,1,CHARLES_HADDON_SPURGEON_SERMONS22_EVID_00696_BODY_01,CHARLES_HADDON_SPURGEON_SERMONS22,Spurgeon's Sermons Volume 22: 1876,Charles Haddon Spurgeon,696,Sermon 1325. Christ the End of the Law,law; live,law,live~law in body (2),2026-09-04T17:19:48.899911+00:00,pending
flesh i live,flesh i live,live under law,1,1,LUTHER_GALATIANS_EVID_00053_BODY_01,LUTHER_GALATIANS,A Commentary on St. Paul's Epistle to the Galatians,Martin Luther,53,Galatians 2,law; live,law,live~law in body (11),2026-09-04T17:19:48.899911+00:00,pending
fulfill the law,fulfill the law,live under law,1,1,CHARLES_HADDON_SPURGEON_SERMONS49_EVID_00236_BODY_01,CHARLES_HADDON_SPURGEON_SERMONS49,Spurgeon's Sermons Volume 49: 1903,Charles Haddon Spurgeon,236,Sermon 2831. Burden-bearing,law; live,law,live~law in body (1),2026-09-04T17:19:48.899911+00:00,pending
generation the law,generation the law,live under law,1,1,ANF_09_EVID_00890_BODY_01,ANF_09,"ANF09. The Gospel of Peter, The Diatessaron of Tatian, The Apocalypse of Peter, the Vision of Paul, The Apocalypse of the Virgin and Sedrach, The Testament of Abraham, The Acts of Xanthippe and Polyxena, The Narrative of Zosimus, The Apology of Aristides, The Epistles of Clement (complete text), Origen’s Commentary on John, Books 1–10, and Commentary on Matthew, Books 1, 2, and 10–14.",Origen,890,Why Jesus Called Them an Adulterous Generation. The Law as Husband.,law; live,law,live~law in body (11),2026-09-04T17:19:48.899911+00:00,pending
generation the law as,generation the law as,live under law,1,1,ANF_09_EVID_00890_BODY_01,ANF_09,"ANF09. The Gospel of Peter, The Diatessaron of Tatian, The Apocalypse of Peter, the Vision of Paul, The Apocalypse of the Virgin and Sedrach, The Testament of Abraham, The Acts of Xanthippe and Polyxena, The Narrative of Zosimus, The Apology of Aristides, The Epistles of Clement (complete text), Origen’s Commentary on John, Books 1–10, and Commentary on Matthew, Books 1, 2, and 10–14.",Origen,890,Why Jesus Called Them an Adulterous Generation. The Law as Husband.,law; live,law,live~law in body (11),2026-09-04T17:19:48.899911+00:00,pending
generation the law as husband,generation the law as husband,live under law,1,1,ANF_09_EVID_00890_BODY_01,ANF_09,"ANF09. The Gospel of Peter, The Diatessaron of Tatian, The Apocalypse of Peter, the Vision of Paul, The Apocalypse of the Virgin and Sedrach, The Testament of Abraham, The Acts of Xanthippe and Polyxena, The Narrative of Zosimus, The Apology of Aristides, The Epistles of Clement (complete text), Origen’s Commentary on John, Books 1–10, and Commentary on Matthew, Books 1, 2, and 10–14.",Origen,890,Why Jesus Called Them an Adulterous Generation. The Law as Husband.,law; live,law,live~law in body (11),2026-09-04T17:19:48.899911+00:00,pending
human law,human law,live under law,1,1,AQUINAS_SUMMA_EVID_02468_BODY_01,AQUINAS_SUMMA,Summa Theologica,Thomas Aquinas,2468,Article. 4 - Whether Isidore's division of human laws is appropriate?,law; live,law,live~law in body (35),2026-09-04T17:19:48.899911+00:00,pending
human laws,human laws,live under law,1,1,AQUINAS_SUMMA_EVID_02468_BODY_01,AQUINAS_SUMMA,Summa Theologica,Thomas Aquinas,2468,Article. 4 - Whether Isidore's division of human laws is appropriate?,law; live,law,live~law in body (35),2026-09-04T17:19:48.899911+00:00,pending
human laws is,human laws is,live under law,1,1,AQUINAS_SUMMA_EVID_02468_BODY_01,AQUINAS_SUMMA,Summa Theologica,Thomas Aquinas,2468,Article. 4 - Whether Isidore's division of human laws is appropriate?,law; live,law,live~law in body (35),2026-09-04T17:19:48.899911+00:00,pending
i live,i live,live under law,1,1,LUTHER_GALATIANS_EVID_00053_BODY_01,LUTHER_GALATIANS,A Commentary on St. Paul's Epistle to the Galatians,Martin Luther,53,Galatians 2,law; live,law,live~law in body (11),2026-09-04T17:19:48.899911+00:00,pending
impunity who lived,impunity who lived,live under law,1,1,NPNF2_11_EVID_01248_BODY_01,NPNF2_11,"NPNF-211. Sulpitius Severus, Vincent of Lerins, John Cassian",John Cassian,1248,"Chapter XVIII. An objection that only those men employed lies with impunity, who lived under the law.",law; live,law,live~law in heading (11); live~law in body (11),2026-09-04T17:19:48.899911+00:00,pending
impunity who lived under,impunity who lived under,live under law,1,1,NPNF2_11_EVID_01248_BODY_01,NPNF2_11,"NPNF-211. Sulpitius Severus, Vincent of Lerins, John Cassian",John Cassian,1248,"Chapter XVIII. An objection that only those men employed lies with impunity, who lived under the law.",law; live,law,live~law in heading (11); live~law in body (11),2026-09-04T17:19:48.899911+00:00,pending
impunity who lived under the,impunity who lived under the,live under law,1,1,NPNF2_11_EVID_01248_BODY_01,NPNF2_11,"NPNF-211. Sulpitius Severus, Vincent of Lerins, John Cassian",John Cassian,1248,"Chapter XVIII. An objection that only those men employed lies with impunity, who lived under the law.",law; live,law,live~law in heading (11); live~law in body (11),2026-09-04T17:19:48.899911+00:00,pending
inconsistent with british law,inconsistent with british law,live under law,1,1,JOHN_OWEN_TRUTHINNOCENCE_EVID_00057_BODY_01,JOHN_OWEN_TRUTHINNOCENCE,Truth and Innocence Vindicated,John Owen,57,A Survey of the First Chapter. Inconsistent expressions of Parker in regard to the power of the magistrate and the rights of conscience — The design of his discourse to prove the magistrate’s authority to govern the consciences of his subjects in affairs of religion — This doctrine inconsistent with British law — Ascribes more power to the magistrate than to Christ — Contrary to the history of the royal prerogative — Alleged necessity of the principle to public peace and order — Evils alleged to spring from liberty of conscience — The principle of Parker no real preventive to these evils — Various pleas refuted.,law; live,law,live~law in body (33),2026-09-04T17:19:48.899911+00:00,pending
inconsistent with british law ascribes,inconsistent with british law ascribes,live under law,1,1,JOHN_OWEN_TRUTHINNOCENCE_EVID_00057_BODY_01,JOHN_OWEN_TRUTHINNOCENCE,Truth and Innocence Vindicated,John Owen,57,A Survey of the First Chapter. Inconsistent expressions of Parker in regard to the power of the magistrate and the rights of conscience — The design of his discourse to prove the magistrate’s authority to govern the consciences of his subjects in affairs of religion — This doctrine inconsistent with British law — Ascribes more power to the magistrate than to Christ — Contrary to the history of the royal prerogative — Alleged necessity of the principle to public peace and order — Evils alleged to spring from liberty of conscience — The principle of Parker no real preventive to these evils — Various pleas refuted.,law; live,law,live~law in body (33),2026-09-04T17:19:48.899911+00:00,pending
intended by the law,intended by the law,live under law,1,1,JOHN_OWEN_JUST_EVID_00271_BODY_01,JOHN_OWEN_JUST,The Doctrine of Justification by Faith,John Owen,271,"Chapter XIV. The exclusion of all sorts of works from an interest in justification. What is intended by “the law,” and the “works” of it, in the epistles of Paul.",law; live,law,live~law in body (15),2026-09-04T17:19:48.899911+00:00,pending
intended by the law and,intended by the law and,live under law,1,1,JOHN_OWEN_JUST_EVID_00271_BODY_01,JOHN_OWEN_JUST,The Doctrine of Justification by Faith,John Owen,271,"Chapter XIV. The exclusion of all sorts of works from an interest in justification. What is intended by “the law,” and the “works” of it, in the epistles of Paul.",law; live,law,live~law in body (15),2026-09-04T17:19:48.899911+00:00,pending
law 11,law 11,live under law,1,1,CHARLES_HODGE_THEOLOGY3_EVID_00361_BODY_01,CHARLES_HODGE_THEOLOGY3,Systematic Theology - Volume III,Charles Hodge,361,11. The Seventh Commandment.,law; live,law,,2026-09-04T17:19:48.899911+00:00,pending
law 11 the,law 11 the,live under law,1,1,CHARLES_HODGE_THEOLOGY3_EVID_00361_BODY_01,CHARLES_HODGE_THEOLOGY3,Systematic Theology - Volume III,Charles Hodge,361,11. The Seventh Commandment.,law; live,law,,2026-09-04T17:19:48.899911+00:00,pending
law 11 the seventh,law 11 the seventh,live under law,1,1,CHARLES_HODGE_THEOLOGY3_EVID_00361_BODY_01,CHARLES_HODGE_THEOLOGY3,Systematic Theology - Volume III,Charles Hodge,361,11. The Seventh Commandment.,law; live,law,,2026-09-04T17:19:48.899911+00:00,pending
law a treatise,law a treatise,live under law,1,1,NPNF1_05_EVID_01103_BODY_01,NPNF1_05,NPNF1-05. St. Augustine: Anti-Pelagian Writings,Augustine of Hippo,1103,"That the Apostle is Speaking in His Own Person and that of Others Who Are Under Grace, Not Still Under Law.",law,law,,2026-09-04T17:19:48.899911+00:00,pending
law a treatise against,law a treatise against,live under law,1,1,NPNF1_05_EVID_01103_BODY_01,NPNF1_05,NPNF1-05. St. Augustine: Anti-Pelagian Writings,Augustine of Hippo,1103,"That the Apostle is Speaking in His Own Person and that of Others Who Are Under Grace, Not Still Under Law.",law,law,,2026-09-04T17:19:48.899911+00:00,pending
law and life,law and life,live under law,1,1,CHARLES_HADDON_SPURGEON_SERMONS32_EVID_00684_BODY_01,CHARLES_HADDON_SPURGEON_SERMONS32,Spurgeon's Sermons Volume 32: 1886,Charles Haddon Spurgeon,684,Sermon 1932. Love's Law and Life,law; live,law,live~law in body (115),2026-09-04T17:19:48.899911+00:00,pending
law and the works,law and the works,live under law,1,1,JOHN_OWEN_JUST_EVID_00271_BODY_01,JOHN_OWEN_JUST,The Doctrine of Justification by Faith,John Owen,271,"Chapter XIV. The exclusion of all sorts of works from an interest in justification. What is intended by “the law,” and the “works” of it, in the epistles of Paul.",law; live,law,live~law in body (15),2026-09-04T17:19:48.899911+00:00,pending
law as,law as,live under law,1,1,ANF_09_EVID_00890_BODY_01,ANF_09,"ANF09. The Gospel of Peter, The Diatessaron of Tatian, The Apocalypse of Peter, the Vision of Paul, The Apocalypse of the Virgin and Sedrach, The Testament of Abraham, The Acts of Xanthippe and Polyxena, The Narrative of Zosimus, The Apology of Aristides, The Epistles of Clement (complete text), Origen’s Commentary on John, Books 1–10, and Commentary on Matthew, Books 1, 2, and 10–14.",Origen,890,Why Jesus Called Them an Adulterous Generation. The Law as Husband.,law; live,law,live~law in body (11),2026-09-04T17:19:48.899911+00:00,pending
law as husband,law as husband,live under law,1,1,ANF_09_EVID_00890_BODY_01,ANF_09,"ANF09. The Gospel of Peter, The Diatessaron of Tatian, The Apocalypse of Peter, the Vision of Paul, The Apocalypse of the Virgin and Sedrach, The Testament of Abraham, The Acts of Xanthippe and Polyxena, The Narrative of Zosimus, The Apology of Aristides, The Epistles of Clement (complete text), Origen’s Commentary on John, Books 1–10, and Commentary on Matthew, Books 1, 2, and 10–14.",Origen,890,Why Jesus Called Them an Adulterous Generation. The Law as Husband.,law; live,law,live~law in body (11),2026-09-04T17:19:48.899911+00:00,pending
law ascribes,law ascribes,live under law,1,1,JOHN_OWEN_TRUTHINNOCENCE_EVID_00057_BODY_01,JOHN_OWEN_TRUTHINNOCENCE,Truth and Innocence Vindicated,John Owen,57,A Survey of the First Chapter. Inconsistent expressions of Parker in regard to the power of the magistrate and the rights of conscience — The design of his discourse to prove the magistrate’s authority to govern the consciences of his subjects in affairs of religion — This doctrine inconsistent with British law — Ascribes more power to the magistrate than to Christ — Contrary to the history of the royal prerogative — Alleged necessity of the principle to public peace and order — Evils alleged to spring from liberty of conscience — The principle of Parker no real preventive to these evils — Various pleas refuted.,law; live,law,live~law in body (33),2026-09-04T17:19:48.899911+00:00,pending
law ascribes more,law ascribes more,live under law,1,1,JOHN_OWEN_TRUTHINNOCENCE_EVID_00057_BODY_01,JOHN_OWEN_TRUTHINNOCENCE,Truth and Innocence Vindicated,John Owen,57,A Survey of the First Chapter. Inconsistent expressions of Parker in regard to the power of the magistrate and the rights of conscience — The design of his discourse to prove the magistrate’s authority to govern the consciences of his subjects in affairs of religion — This doctrine inconsistent with British law — Ascribes more power to the magistrate than to Christ — Contrary to the history of the royal prerogative — Alleged necessity of the principle to public peace and order — Evils alleged to spring from liberty of conscience — The principle of Parker no real preventive to these evils — Various pleas refuted.,law; live,law,live~law in body (33),2026-09-04T17:19:48.899911+00:00,pending
law but,law but,live under law,1,1,NPNF1_05_EVID_00779_BODY_01,NPNF1_05,NPNF1-05. St. Augustine: Anti-Pelagian Writings,Augustine of Hippo,779,"The Righteous Men Who Lived in the Time of the Law Were for All that Not Under the Law, But Under Grace. The Grace of the New Testament Hidden Under the Old.",law; live,law,live~law in heading (20); live~law in body (20),2026-09-04T17:19:48.899911+00:00,pending
law but under,law but under,live under law,1,1,NPNF1_05_EVID_00779_BODY_01,NPNF1_05,NPNF1-05. St. Augustine: Anti-Pelagian Writings,Augustine of Hippo,779,"The Righteous Men Who Lived in the Time of the Law Were for All that Not Under the Law, But Under Grace. The Grace of the New Testament Hidden Under the Old.",law; live,law,live~law in heading (20); live~law in body (20),2026-09-04T17:19:48.899911+00:00,pending
law but under grace,law but under grace,live under law,1,1,NPNF1_05_EVID_00779_BODY_01,NPNF1_05,NPNF1-05. St. Augustine: Anti-Pelagian Writings,Augustine of Hippo,779,"The Righteous Men Who Lived in the Time of the Law Were for All that Not Under the Law, But Under Grace. The Grace of the New Testament Hidden Under the Old.",law; live,law,live~law in heading (20); live~law in body (20),2026-09-04T17:19:48.899911+00:00,pending
law i,law i,live under law,1,1,LUTHER_GALATIANS_EVID_00053_BODY_01,LUTHER_GALATIANS,A Commentary on St. Paul's Epistle to the Galatians,Martin Luther,53,Galatians 2,law; live,law,live~law in body (11),2026-09-04T17:19:48.899911+00:00,pending
law in,law in,live under law,1,1,JOHN_OWEN_INDWELLINGSIN_EVID_00020_BODY_01,JOHN_OWEN_INDWELLINGSIN,"The Nature, Power, Deceit, and Prevelancy of the Remainders of Indwelling Sin in Believers",John Owen,20,Chapter II. Indwelling sin a law — In what sense it is so called — What kind of law it is — An inward effective principle called a law — The power of sin thence evinced.,law; live,law,live~law in body (18),2026-09-04T17:19:48.899911+00:00,pending
law of christ,law of christ,live under law,1,1,CHARLES_HADDON_SPURGEON_SERMONS49_EVID_00236_BODY_01,CHARLES_HADDON_SPURGEON_SERMONS49,Spurgeon's Sermons Volume 49: 1903,Charles Haddon Spurgeon,236,Sermon 2831. Burden-bearing,law; live,law,live~law in body (1),2026-09-04T17:19:48.899911+00:00,pending
law of god,law of god,live under law,1,1,CHARLES_HADDON_SPURGEON_SERMONS49_EVID_00236_BODY_01,CHARLES_HADDON_SPURGEON_SERMONS49,Spurgeon's Sermons Volume 49: 1903,Charles Haddon Spurgeon,236,Sermon 2831. Burden-bearing,law; live,law,live~law in body (1),2026-09-04T17:19:48.899911+00:00,pending
law sermon,law sermon,live under law,1,1,CHARLES_HADDON_SPURGEON_SERMONS22_EVID_00696_BODY_01,CHARLES_HADDON_SPURGEON_SERMONS22,Spurgeon's Sermons Volume 22: 1876,Charles Haddon Spurgeon,696,Sermon 1325. Christ the End of the Law,law; live,law,live~law in body (2),2026-09-04T17:19:48.899911+00:00,pending
law sermon 1325,law sermon 1325,live under law,1,1,CHARLES_HADDON_SPURGEON_SERMONS22_EVID_00696_BODY_01,CHARLES_HADDON_SPURGEON_SERMONS22,Spurgeon's Sermons Volume 22: 1876,Charles Haddon Spurgeon,696,Sermon 1325. Christ the End of the Law,law; live,law,live~law in body (2),2026-09-04T17:19:48.899911+00:00,pending
law sermon 1325 christ,law sermon 1325 christ,live under law,1,1,CHARLES_HADDON_SPURGEON_SERMONS22_EVID_00696_BODY_01,CHARLES_HADDON_SPURGEON_SERMONS22,Spurgeon's Sermons Volume 22: 1876,Charles Haddon Spurgeon,696,Sermon 1325. Christ the End of the Law,law; live,law,live~law in body (2),2026-09-04T17:19:48.899911+00:00,pending
law than to live,law than to live,live under law,1,1,CHARLES_HADDON_SPURGEON_SERMONS55_EVID_00289_BODY_01,CHARLES_HADDON_SPURGEON_SERMONS55,Spurgeon's Sermons Volume 55: 1909,Charles Haddon Spurgeon,289,Sermon 3148. Christ's Ambassadors,law; live,law,live~law in body (9),2026-09-04T17:19:48.899911+00:00,pending
law the works,law the works,live under law,1,1,NPNF2_11_EVID_01373_BODY_01,NPNF2_11,"NPNF-211. Sulpitius Severus, Vincent of Lerins, John Cassian",John Cassian,1373,Chapter XXXIII. Of the fact that the precepts of the gospel are milder than those of the law.,law; live,law,live~law in body (11),2026-09-04T17:19:48.899911+00:00,pending
law the works of,law the works of,live under law,1,1,NPNF2_11_EVID_01373_BODY_01,NPNF2_11,"NPNF-211. Sulpitius Severus, Vincent of Lerins, John Cassian",John Cassian,1373,Chapter XXXIII. Of the fact that the precepts of the gospel are milder than those of the law.,law; live,law,live~law in body (11),2026-09-04T17:19:48.899911+00:00,pending
law was,law was,live under law,1,1,AQUINAS_SUMMA_EVID_02491_BODY_01,AQUINAS_SUMMA,Summa Theologica,Thomas Aquinas,2491,Article. 1 - Whether the Old Law was good?,law; live,law,live~law in body (9),2026-09-04T17:19:48.899911+00:00,pending
law was good,law was good,live under law,1,1,AQUINAS_SUMMA_EVID_02491_BODY_01,AQUINAS_SUMMA,Summa Theologica,Thomas Aquinas,2491,Article. 1 - Whether the Old Law was good?,law; live,law,live~law in body (9),2026-09-04T17:19:48.899911+00:00,pending
law were,law were,live under law,1,1,NPNF1_05_EVID_00779_BODY_01,NPNF1_05,NPNF1-05. St. Augustine: Anti-Pelagian Writings,Augustine of Hippo,779,"The Righteous Men Who Lived in the Time of the Law Were for All that Not Under the Law, But Under Grace. The Grace of the New Testament Hidden Under the Old.",law; live,law,live~law in heading (20); live~law in body (20),2026-09-04T17:19:48.899911+00:00,pending
law were for,law were for,live under law,1,1,NPNF1_05_EVID_00779_BODY_01,NPNF1_05,NPNF1-05. St. Augustine: Anti-Pelagian Writings,Augustine of Hippo,779,"The Righteous Men Who Lived in the Time of the Law Were for All that Not Under the Law, But Under Grace. The Grace of the New Testament Hidden Under the Old.",law; live,law,live~law in heading (20); live~law in body (20),2026-09-04T17:19:48.899911+00:00,pending
law written,law written,live under law,1,1,CHARLES_HADDON_SPURGEON_SERMONS28_EVID_00639_BODY_01,CHARLES_HADDON_SPURGEON_SERMONS28,Spurgeon's Sermons Volume 28: 1882,Charles Haddon Spurgeon,639,Sermon 1687. The Law Written in the Heart,law; live,law,live~law in body (90),2026-09-04T17:19:48.899911+00:00,pending
law written in,law written in,live under law,1,1,CHARLES_HADDON_SPURGEON_SERMONS28_EVID_00639_BODY_01,CHARLES_HADDON_SPURGEON_SERMONS28,Spurgeon's Sermons Volume 28: 1882,Charles Haddon Spurgeon,639,Sermon 1687. The Law Written in the Heart,law; live,law,live~law in body (90),2026-09-04T17:19:48.899911+00:00,pending
law written in the,law written in the,live under law,1,1,CHARLES_HADDON_SPURGEON_SERMONS28_EVID_00639_BODY_01,CHARLES_HADDON_SPURGEON_SERMONS28,Spurgeon's Sermons Volume 28: 1882,Charles Haddon Spurgeon,639,Sermon 1687. The Law Written in the Heart,law; live,law,live~law in body (90),2026-09-04T17:19:48.899911+00:00,pending
laws is,laws is,live under law,1,1,AQUINAS_SUMMA_EVID_02468_BODY_01,AQUINAS_SUMMA,Summa Theologica,Thomas Aquinas,2468,Article. 4 - Whether Isidore's division of human laws is appropriate?,law; live,law,live~law in body (35),2026-09-04T17:19:48.899911+00:00,pending
live in,live in,live under law,1,1,CHARLES_HADDON_SPURGEON_SERMONS55_EVID_00289_BODY_01,CHARLES_HADDON_SPURGEON_SERMONS55,Spurgeon's Sermons Volume 55: 1909,Charles Haddon Spurgeon,289,Sermon 3148. Christ's Ambassadors,law; live,law,live~law in body (9),2026-09-04T17:19:48.899911+00:00,pending
live in any,live in any,live under law,1,1,CHARLES_HADDON_SPURGEON_SERMONS55_EVID_00289_BODY_01,CHARLES_HADDON_SPURGEON_SERMONS55,Spurgeon's Sermons Volume 55: 1909,Charles Haddon Spurgeon,289,Sermon 3148. Christ's Ambassadors,law; live,law,live~law in body (9),2026-09-04T17:19:48.899911+00:00,pending
live where,live where,live under law,1,1,CHARLES_HADDON_SPURGEON_SERMONS55_EVID_00289_BODY_01,CHARLES_HADDON_SPURGEON_SERMONS55,Spurgeon's Sermons Volume 55: 1909,Charles Haddon Spurgeon,289,Sermon 3148. Christ's Ambassadors,law; live,law,live~law in body (9),2026-09-04T17:19:48.899911+00:00,pending
lived before the law,lived before the law,live under law,1,1,NPNF1_05_EVID_00734_BODY_01,NPNF1_05,NPNF1-05. St. Augustine: Anti-Pelagian Writings,Augustine of Hippo,734,Grace Placed by Pelagius in the Remission of Sins and the Example of Christ.,law; live,law,live~law in body (11),2026-09-04T17:19:48.899911+00:00,pending
living under the law,living under the law,live under law,1,1,NPNF2_11_EVID_01373_BODY_01,NPNF2_11,"NPNF-211. Sulpitius Severus, Vincent of Lerins, John Cassian",John Cassian,1373,Chapter XXXIII. Of the fact that the precepts of the gospel are milder than those of the law.,law; live,law,live~law in body (11),2026-09-04T17:19:48.899911+00:00,pending
love's law,love's law,live under law,1,1,CHARLES_HADDON_SPURGEON_SERMONS32_EVID_00684_BODY_01,CHARLES_HADDON_SPURGEON_SERMONS32,Spurgeon's Sermons Volume 32: 1886,Charles Haddon Spurgeon,684,Sermon 1932. Love's Law and Life,law; live,law,live~law in body (115),2026-09-04T17:19:48.899911+00:00,pending
love's law and,love's law and,live under law,1,1,CHARLES_HADDON_SPURGEON_SERMONS32_EVID_00684_BODY_01,CHARLES_HADDON_SPURGEON_SERMONS32,Spurgeon's Sermons Volume 32: 1886,Charles Haddon Spurgeon,684,Sermon 1932. Love's Law and Life,law; live,law,live~law in body (115),2026-09-04T17:19:48.899911+00:00,pending
love's law and life,love's law and life,live under law,1,1,CHARLES_HADDON_SPURGEON_SERMONS32_EVID_00684_BODY_01,CHARLES_HADDON_SPURGEON_SERMONS32,Spurgeon's Sermons Volume 32: 1886,Charles Haddon Spurgeon,684,Sermon 1932. Love's Law and Life,law; live,law,live~law in body (115),2026-09-04T17:19:48.899911+00:00,pending
not still under law,not still under law,live under law,1,1,NPNF1_05_EVID_01103_BODY_01,NPNF1_05,NPNF1-05. St. Augustine: Anti-Pelagian Writings,Augustine of Hippo,1103,"That the Apostle is Speaking in His Own Person and that of Others Who Are Under Grace, Not Still Under Law.",law,law,,2026-09-04T17:19:48.899911+00:00,pending
not still under law a,not still under law a,live under law,1,1,NPNF1_05_EVID_01103_BODY_01,NPNF1_05,NPNF1-05. St. Augustine: Anti-Pelagian Writings,Augustine of Hippo,1103,"That the Apostle is Speaking in His Own Person and that of Others Who Are Under Grace, Not Still Under Law.",law,law,,2026-09-04T17:19:48.899911+00:00,pending
of human law,of human law,live under law,1,1,AQUINAS_SUMMA_EVID_02468_BODY_01,AQUINAS_SUMMA,Summa Theologica,Thomas Aquinas,2468,Article. 4 - Whether Isidore's division of human laws is appropriate?,law; live,law,live~law in body (35),2026-09-04T17:19:48.899911+00:00,pending
of human laws,of human laws,live under law,1,1,AQUINAS_SUMMA_EVID_02468_BODY_01,AQUINAS_SUMMA,Summa Theologica,Thomas Aquinas,2468,Article. 4 - Whether Isidore's division of human laws is appropriate?,law; live,law,live~law in body (35),2026-09-04T17:19:48.899911+00:00,pending
of the law sermon,of the law sermon,live under law,1,1,CHARLES_HADDON_SPURGEON_SERMONS22_EVID_00696_BODY_01,CHARLES_HADDON_SPURGEON_SERMONS22,Spurgeon's Sermons Volume 22: 1876,Charles Haddon Spurgeon,696,Sermon 1325. Christ the End of the Law,law; live,law,live~law in body (2),2026-09-04T17:19:48.899911+00:00,pending
of the law sermon 1325,of the law sermon 1325,live under law,1,1,CHARLES_HADDON_SPURGEON_SERMONS22_EVID_00696_BODY_01,CHARLES_HADDON_SPURGEON_SERMONS22,Spurgeon's Sermons Volume 22: 1876,Charles Haddon Spurgeon,696,Sermon 1325. Christ the End of the Law,law; live,law,live~law in body (2),2026-09-04T17:19:48.899911+00:00,pending
of the law the works,of the law the works,live under law,1,1,NPNF2_11_EVID_01373_BODY_01,NPNF2_11,"NPNF-211. Sulpitius Severus, Vincent of Lerins, John Cassian",John Cassian,1373,Chapter XXXIII. Of the fact that the precepts of the gospel are milder than those of the law.,law; live,law,live~law in body (11),2026-09-04T17:19:48.899911+00:00,pending
old law,old law,live under law,1,1,AQUINAS_SUMMA_EVID_02491_BODY_01,AQUINAS_SUMMA,Summa Theologica,Thomas Aquinas,2491,Article. 1 - Whether the Old Law was good?,law; live,law,live~law in body (9),2026-09-04T17:19:48.899911+00:00,pending
old law was,old law was,live under law,1,1,AQUINAS_SUMMA_EVID_02491_BODY_01,AQUINAS_SUMMA,Summa Theologica,Thomas Aquinas,2491,Article. 1 - Whether the Old Law was good?,law; live,law,live~law in body (9),2026-09-04T17:19:48.899911+00:00,pending
old law was good,old law was good,live under law,1,1,AQUINAS_SUMMA_EVID_02491_BODY_01,AQUINAS_SUMMA,Summa Theologica,Thomas Aquinas,2491,Article. 1 - Whether the Old Law was good?,law; live,law,live~law in body (9),2026-09-04T17:19:48.899911+00:00,pending
sermon 1932 love's law,sermon 1932 love's law,live under law,1,1,CHARLES_HADDON_SPURGEON_SERMONS32_EVID_00684_BODY_01,CHARLES_HADDON_SPURGEON_SERMONS32,Spurgeon's Sermons Volume 32: 1886,Charles Haddon Spurgeon,684,Sermon 1932. Love's Law and Life,law; live,law,live~law in body (115),2026-09-04T17:19:48.899911+00:00,pending
still under law,still under law,live under law,1,1,NPNF1_05_EVID_01103_BODY_01,NPNF1_05,NPNF1-05. St. Augustine: Anti-Pelagian Writings,Augustine of Hippo,1103,"That the Apostle is Speaking in His Own Person and that of Others Who Are Under Grace, Not Still Under Law.",law,law,,2026-09-04T17:19:48.899911+00:00,pending
still under law a,still under law a,live under law,1,1,NPNF1_05_EVID_01103_BODY_01,NPNF1_05,NPNF1-05. St. Augustine: Anti-Pelagian Writings,Augustine of Hippo,1103,"That the Apostle is Speaking in His Own Person and that of Others Who Are Under Grace, Not Still Under Law.",law,law,,2026-09-04T17:19:48.899911+00:00,pending
still under law a treatise,still under law a treatise,live under law,1,1,NPNF1_05_EVID_01103_BODY_01,NPNF1_05,NPNF1-05. St. Augustine: Anti-Pelagian Writings,Augustine of Hippo,1103,"That the Apostle is Speaking in His Own Person and that of Others Who Are Under Grace, Not Still Under Law.",law,law,,2026-09-04T17:19:48.899911+00:00,pending
that law,that law,live under law,1,1,JOHN_OWEN_JUST_EVID_00271_BODY_01,JOHN_OWEN_JUST,The Doctrine of Justification by Faith,John Owen,271,"Chapter XIV. The exclusion of all sorts of works from an interest in justification. What is intended by “the law,” and the “works” of it, in the epistles of Paul.",law; live,law,live~law in body (15),2026-09-04T17:19:48.899911+00:00,pending
the law 11,the law 11,live under law,1,1,CHARLES_HODGE_THEOLOGY3_EVID_00361_BODY_01,CHARLES_HODGE_THEOLOGY3,Systematic Theology - Volume III,Charles Hodge,361,11. The Seventh Commandment.,law; live,law,,2026-09-04T17:19:48.899911+00:00,pending
the law 11 the,the law 11 the,live under law,1,1,CHARLES_HODGE_THEOLOGY3_EVID_00361_BODY_01,CHARLES_HODGE_THEOLOGY3,Systematic Theology - Volume III,Charles Hodge,361,11. The Seventh Commandment.,law; live,law,,2026-09-04T17:19:48.899911+00:00,pending
the law 11 the seventh,the law 11 the seventh,live under law,1,1,CHARLES_HODGE_THEOLOGY3_EVID_00361_BODY_01,CHARLES_HODGE_THEOLOGY3,Systematic Theology - Volume III,Charles Hodge,361,11. The Seventh Commandment.,law; live,law,,2026-09-04T17:19:48.899911+00:00,pending
the law and the works,the law and the works,live under law,1,1,JOHN_OWEN_JUST_EVID_00271_BODY_01,JOHN_OWEN_JUST,The Doctrine of Justification by Faith,John Owen,271,"Chapter XIV. The exclusion of all sorts of works from an interest in justification. What is intended by “the law,” and the “works” of it, in the epistles of Paul.",law; live,law,live~law in body (15),2026-09-04T17:19:48.899911+00:00,pending
the law as,the law as,live under law,1,1,ANF_09_EVID_00890_BODY_01,ANF_09,"ANF09. The Gospel of Peter, The Diatessaron of Tatian, The Apocalypse of Peter, the Vision of Paul, The Apocalypse of the Virgin and Sedrach, The Testament of Abraham, The Acts of Xanthippe and Polyxena, The Narrative of Zosimus, The Apology of Aristides, The Epistles of Clement (complete text), Origen’s Commentary on John, Books 1–10, and Commentary on Matthew, Books 1, 2, and 10–14.",Origen,890,Why Jesus Called Them an Adulterous Generation. The Law as Husband.,law; live,law,live~law in body (11),2026-09-04T17:19:48.899911+00:00,pending
the law but,the law but,live under law,1,1,NPNF1_05_EVID_00779_BODY_01,NPNF1_05,NPNF1-05. St. Augustine: Anti-Pelagian Writings,Augustine of Hippo,779,"The Righteous Men Who Lived in the Time of the Law Were for All that Not Under the Law, But Under Grace. The Grace of the New Testament Hidden Under the Old.",law; live,law,live~law in heading (20); live~law in body (20),2026-09-04T17:19:48.899911+00:00,pending
the law but under,the law but under,live under law,1,1,NPNF1_05_EVID_00779_BODY_01,NPNF1_05,NPNF1-05. St. Augustine: Anti-Pelagian Writings,Augustine of Hippo,779,"The Righteous Men Who Lived in the Time of the Law Were for All that Not Under the Law, But Under Grace. The Grace of the New Testament Hidden Under the Old.",law; live,law,live~law in heading (20); live~law in body (20),2026-09-04T17:19:48.899911+00:00,pending
the law i,the law i,live under law,1,1,LUTHER_GALATIANS_EVID_00053_BODY_01,LUTHER_GALATIANS,A Commentary on St. Paul's Epistle to the Galatians,Martin Luther,53,Galatians 2,law; live,law,live~law in body (11),2026-09-04T17:19:48.899911+00:00,pending
the law of christ,the law of christ,live under law,1,1,CHARLES_HADDON_SPURGEON_SERMONS49_EVID_00236_BODY_01,CHARLES_HADDON_SPURGEON_SERMONS49,Spurgeon's Sermons Volume 49: 1903,Charles Haddon Spurgeon,236,Sermon 2831. Burden-bearing,law; live,law,live~law in body (1),2026-09-04T17:19:48.899911+00:00,pending
the law of god,the law of god,live under law,1,1,CHARLES_HADDON_SPURGEON_SERMONS49_EVID_00236_BODY_01,CHARLES_HADDON_SPURGEON_SERMONS49,Spurgeon's Sermons Volume 49: 1903,Charles Haddon Spurgeon,236,Sermon 2831. Burden-bearing,law; live,law,live~law in body (1),2026-09-04T17:19:48.899911+00:00,pending
the law sermon,the law sermon,live under law,1,1,CHARLES_HADDON_SPURGEON_SERMONS22_EVID_00696_BODY_01,CHARLES_HADDON_SPURGEON_SERMONS22,Spurgeon's Sermons Volume 22: 1876,Charles Haddon Spurgeon,696,Sermon 1325. Christ the End of the Law,law; live,law,live~law in body (2),2026-09-04T17:19:48.899911+00:00,pending
the law the works,the law the works,live under law,1,1,NPNF2_11_EVID_01373_BODY_01,NPNF2_11,"NPNF-211. Sulpitius Severus, Vincent of Lerins, John Cassian",John Cassian,1373,Chapter XXXIII. Of the fact that the precepts of the gospel are milder than those of the law.,law; live,law,live~law in body (11),2026-09-04T17:19:48.899911+00:00,pending
the law the works of,the law the works of,live under law,1,1,NPNF2_11_EVID_01373_BODY_01,NPNF2_11,"NPNF-211. Sulpitius Severus, Vincent of Lerins, John Cassian",John Cassian,1373,Chapter XXXIII. Of the fact that the precepts of the gospel are milder than those of the law.,law; live,law,live~law in body (11),2026-09-04T17:19:48.899911+00:00,pending
the law written,the law written,live under law,1,1,CHARLES_HADDON_SPURGEON_SERMONS28_EVID_00639_BODY_01,CHARLES_HADDON_SPURGEON_SERMONS28,Spurgeon's Sermons Volume 28: 1882,Charles Haddon Spurgeon,639,Sermon 1687. The Law Written in the Heart,law; live,law,live~law in body (90),2026-09-04T17:19:48.899911+00:00,pending
the law written in,the law written in,live under law,1,1,CHARLES_HADDON_SPURGEON_SERMONS28_EVID_00639_BODY_01,CHARLES_HADDON_SPURGEON_SERMONS28,Spurgeon's Sermons Volume 28: 1882,Charles Haddon Spurgeon,639,Sermon 1687. The Law Written in the Heart,law; live,law,live~law in body (90),2026-09-04T17:19:48.899911+00:00,pending
the law written in the,the law written in the,live under law,1,1,CHARLES_HADDON_SPURGEON_SERMONS28_EVID_00639_BODY_01,CHARLES_HADDON_SPURGEON_SERMONS28,Spurgeon's Sermons Volume 28: 1882,Charles Haddon Spurgeon,639,Sermon 1687. The Law Written in the Heart,law; live,law,live~law in body (90),2026-09-04T17:19:48.899911+00:00,pending
the old law,the old law,live under law,1,1,AQUINAS_SUMMA_EVID_02491_BODY_01,AQUINAS_SUMMA,Summa Theologica,Thomas Aquinas,2491,Article. 1 - Whether the Old Law was good?,law; live,law,live~law in body (9),2026-09-04T17:19:48.899911+00:00,pending
the old law was,the old law was,live under law,1,1,AQUINAS_SUMMA_EVID_02491_BODY_01,AQUINAS_SUMMA,Summa Theologica,Thomas Aquinas,2491,Article. 1 - Whether the Old Law was good?,law; live,law,live~law in body (9),2026-09-04T17:19:48.899911+00:00,pending
the old law was good,the old law was good,live under law,1,1,AQUINAS_SUMMA_EVID_02491_BODY_01,AQUINAS_SUMMA,Summa Theologica,Thomas Aquinas,2491,Article. 1 - Whether the Old Law was good?,law; live,law,live~law in body (9),2026-09-04T17:19:48.899911+00:00,pending
this law,this law,live under law,1,1,JOHN_OWEN_INDWELLINGSIN_EVID_00020_BODY_01,JOHN_OWEN_INDWELLINGSIN,"The Nature, Power, Deceit, and Prevelancy of the Remainders of Indwelling Sin in Believers",John Owen,20,Chapter II. Indwelling sin a law — In what sense it is so called — What kind of law it is — An inward effective principle called a law — The power of sin thence evinced.,law; live,law,live~law in body (18),2026-09-04T17:19:48.899911+00:00,pending
those of the law,those of the law,live under law,1,1,NPNF2_11_EVID_01373_BODY_01,NPNF2_11,"NPNF-211. Sulpitius Severus, Vincent of Lerins, John Cassian",John Cassian,1373,Chapter XXXIII. Of the fact that the precepts of the gospel are milder than those of the law.,law; live,law,live~law in body (11),2026-09-04T17:19:48.899911+00:00,pending
those of the law the,those of the law the,live under law,1,1,NPNF2_11_EVID_01373_BODY_01,NPNF2_11,"NPNF-211. Sulpitius Severus, Vincent of Lerins, John Cassian",John Cassian,1373,Chapter XXXIII. Of the fact that the precepts of the gospel are milder than those of the law.,law; live,law,live~law in body (11),2026-09-04T17:19:48.899911+00:00,pending
time of the law,time of the law,live under law,1,1,NPNF1_05_EVID_00779_BODY_01,NPNF1_05,NPNF1-05. St. Augustine: Anti-Pelagian Writings,Augustine of Hippo,779,"The Righteous Men Who Lived in the Time of the Law Were for All that Not Under the Law, But Under Grace. The Grace of the New Testament Hidden Under the Old.",law; live,law,live~law in heading (20); live~law in body (20),2026-09-04T17:19:48.899911+00:00,pending
to live in,to live in,live under law,1,1,CHARLES_HADDON_SPURGEON_SERMONS55_EVID_00289_BODY_01,CHARLES_HADDON_SPURGEON_SERMONS55,Spurgeon's Sermons Volume 55: 1909,Charles Haddon Spurgeon,289,Sermon 3148. Christ's Ambassadors,law; live,law,live~law in body (9),2026-09-04T17:19:48.899911+00:00,pending
to live in any,to live in any,live under law,1,1,CHARLES_HADDON_SPURGEON_SERMONS55_EVID_00289_BODY_01,CHARLES_HADDON_SPURGEON_SERMONS55,Spurgeon's Sermons Volume 55: 1909,Charles Haddon Spurgeon,289,Sermon 3148. Christ's Ambassadors,law; live,law,live~law in body (9),2026-09-04T17:19:48.899911+00:00,pending
to live where,to live where,live under law,1,1,CHARLES_HADDON_SPURGEON_SERMONS55_EVID_00289_BODY_01,CHARLES_HADDON_SPURGEON_SERMONS55,Spurgeon's Sermons Volume 55: 1909,Charles Haddon Spurgeon,289,Sermon 3148. Christ's Ambassadors,law; live,law,live~law in body (9),2026-09-04T17:19:48.899911+00:00,pending
under law a treatise,under law a treatise,live under law,1,1,NPNF1_05_EVID_01103_BODY_01,NPNF1_05,NPNF1-05. St. Augustine: Anti-Pelagian Writings,Augustine of Hippo,1103,"That the Apostle is Speaking in His Own Person and that of Others Who Are Under Grace, Not Still Under Law.",law,law,,2026-09-04T17:19:48.899911+00:00,pending
unto the law,unto the law,live under law,1,1,LUTHER_GALATIANS_EVID_00053_BODY_01,LUTHER_GALATIANS,A Commentary on St. Paul's Epistle to the Galatians,Martin Luther,53,Galatians 2,law; live,law,live~law in body (11),2026-09-04T17:19:48.899911+00:00,pending
who lived under,who lived under,live under law,1,1,NPNF2_11_EVID_01248_BODY_01,NPNF2_11,"NPNF-211. Sulpitius Severus, Vincent of Lerins, John Cassian",John Cassian,1248,"Chapter XVIII. An objection that only those men employed lies with impunity, who lived under the law.",law; live,law,live~law in heading (11); live~law in body (11),2026-09-04T17:19:48.899911+00:00,pending
who lived under the,who lived under the,live under law,1,1,NPNF2_11_EVID_01248_BODY_01,NPNF2_11,"NPNF-211. Sulpitius Severus, Vincent of Lerins, John Cassian",John Cassian,1248,"Chapter XVIII. An objection that only those men employed lies with impunity, who lived under the law.",law; live,law,live~law in heading (11); live~law in body (11),2026-09-04T17:19:48.899911+00:00,pending
who lived under the law,who lived under the law,live under law,1,1,NPNF2_11_EVID_01248_BODY_01,NPNF2_11,"NPNF-211. Sulpitius Severus, Vincent of Lerins, John Cassian",John Cassian,1248,"Chapter XVIII. An objection that only those men employed lies with impunity, who lived under the law.",law; live,law,live~law in heading (11); live~law in body (11),2026-09-04T17:19:48.899911+00:00,pending
2 whether original sin,2 whether original sin,original sin,1,1,AQUINAS_SUMMA_EVID_02339_BODY_01,AQUINAS_SUMMA,Summa Theologica,Thomas Aquinas,2339,Article. 2 - Whether original sin is in the essence of the soul rather than in the powers?,original; sin,original sin; sin,original~original sin in heading (0); original~sin in heading (1); sin~original sin in heading (0); original~original sin in body (0),2026-09-04T17:19:48.899911+00:00,pending
2 whether original sin is,2 whether original sin is,original sin,1,1,AQUINAS_SUMMA_EVID_02339_BODY_01,AQUINAS_SUMMA,Summa Theologica,Thomas Aquinas,2339,Article. 2 - Whether original sin is in the essence of the soul rather than in the powers?,original; sin,original sin; sin,original~original sin in heading (0); original~sin in heading (1); sin~original sin in heading (0); original~original sin in body (0),2026-09-04T17:19:48.899911+00:00,pending
3 whether original sin infects,3 whether original sin infects,original sin,1,1,AQUINAS_SUMMA_EVID_02341_BODY_01,AQUINAS_SUMMA,Summa Theologica,Thomas Aquinas,2341,Article. 3 - Whether original sin infects the will before the other powers?,original; sin,original sin; sin,original~original sin in heading (0); original~sin in heading (1); sin~original sin in heading (0); original~original sin in body (0),2026-09-04T17:19:48.899911+00:00,pending
4 whether original sin would,4 whether original sin would,original sin,1,1,AQUINAS_SUMMA_EVID_02325_BODY_01,AQUINAS_SUMMA,Summa Theologica,Thomas Aquinas,2325,Article. 4 - Whether original sin would be contracted by a person formed miraculously from human flesh?,original; sin,original sin; sin,original~original sin in heading (0); original~sin in heading (1); sin~original sin in heading (0); original~original sin in body (0),2026-09-04T17:19:48.899911+00:00,pending
82 of original sin,82 of original sin,original sin,1,1,AQUINAS_SUMMA_EVID_02328_BODY_01,AQUINAS_SUMMA,Summa Theologica,Thomas Aquinas,2328,"Question. 82 - OF ORIGINAL SIN, AS TO ITS ESSENCE (FOUR ARTICLES)",original; sin,original sin; sin,original~original sin in heading (0); original~sin in heading (1); sin~original sin in heading (0); original~original sin in body (0),2026-09-04T17:19:48.899911+00:00,pending
82 of original sin as,82 of original sin as,original sin,1,1,AQUINAS_SUMMA_EVID_02328_BODY_01,AQUINAS_SUMMA,Summa Theologica,Thomas Aquinas,2328,"Question. 82 - OF ORIGINAL SIN, AS TO ITS ESSENCE (FOUR ARTICLES)",original; sin,original sin; sin,original~original sin in heading (0); original~sin in heading (1); sin~original sin in heading (0); original~original sin in body (0),2026-09-04T17:19:48.899911+00:00,pending
account of original,account of original,original sin,1,1,AQUINAS_SUMMA_EVID_05941_BODY_01,AQUINAS_SUMMA,Summa Theologica,Thomas Aquinas,5941,Article. 2 - Whether contrition should be on account of original sin?,original; sin,original sin; sin,original~original sin in heading (0); original~sin in heading (1); sin~original sin in heading (0); original~original sin in body (0),2026-09-04T17:19:48.899911+00:00,pending
account of original sin,account of original sin,original sin,1,1,AQUINAS_SUMMA_EVID_05941_BODY_01,AQUINAS_SUMMA,Summa Theologica,Thomas Aquinas,5941,Article. 2 - Whether contrition should be on account of original sin?,original; sin,original sin; sin,original~original sin in heading (0); original~sin in heading (1); sin~original sin in heading (0); original~original sin in body (0),2026-09-04T17:19:48.899911+00:00,pending
account of original sin supplement,account of original sin supplement,original sin,1,1,AQUINAS_SUMMA_EVID_05941_BODY_01,AQUINAS_SUMMA,Summa Theologica,Thomas Aquinas,5941,Article. 2 - Whether contrition should be on account of original sin?,original; sin,original sin; sin,original~original sin in heading (0); original~sin in heading (1); sin~original sin in heading (0); original~original sin in body (0),2026-09-04T17:19:48.899911+00:00,pending
actual sin,actual sin,original sin,1,1,AQUINAS_SUMMA_EVID_04733_BODY_01,AQUINAS_SUMMA,Summa Theologica,Thomas Aquinas,4733,"Article. 4 - Whether God became incarnate in order to take away actual sin, rather than to take away original sin?",original; sin,original sin; sin,original~original sin in heading (0); original~sin in heading (1); sin~original sin in heading (0); original~original sin in body (0),2026-09-04T17:19:48.899911+00:00,pending
actual sin rather,actual sin rather,original sin,1,1,AQUINAS_SUMMA_EVID_04733_BODY_01,AQUINAS_SUMMA,Summa Theologica,Thomas Aquinas,4733,"Article. 4 - Whether God became incarnate in order to take away actual sin, rather than to take away original sin?",original; sin,original sin; sin,original~original sin in heading (0); original~sin in heading (1); sin~original sin in heading (0); original~original sin in body (0),2026-09-04T17:19:48.899911+00:00,pending
actual sin rather than,actual sin rather than,original sin,1,1,AQUINAS_SUMMA_EVID_04733_BODY_01,AQUINAS_SUMMA,Summa Theologica,Thomas Aquinas,4733,"Article. 4 - Whether God became incarnate in order to take away actual sin, rather than to take away original sin?",original; sin,original sin; sin,original~original sin in heading (0); original~sin in heading (1); sin~original sin in heading (0); original~original sin in body (0),2026-09-04T17:19:48.899911+00:00,pending
anyone with original sin,anyone with original sin,original sin,1,1,AQUINAS_SUMMA_EVID_02410_BODY_01,AQUINAS_SUMMA,Summa Theologica,Thomas Aquinas,2410,Article. 6 - Whether venial sin can be in anyone with original sin alone?,original; sin,original sin; sin,original~original sin in heading (0); original~sin in heading (1); sin~original sin in heading (0); original~original sin in body (0),2026-09-04T17:19:48.899911+00:00,pending
anyone with original sin alone,anyone with original sin alone,original sin,1,1,AQUINAS_SUMMA_EVID_02410_BODY_01,AQUINAS_SUMMA,Summa Theologica,Thomas Aquinas,2410,Article. 6 - Whether venial sin can be in anyone with original sin alone?,original; sin,original sin; sin,original~original sin in heading (0); original~sin in heading (1); sin~original sin in heading (0); original~original sin in body (0),2026-09-04T17:19:48.899911+00:00,pending
are many original sins,are many original sins,original sin,1,1,AQUINAS_NATURE_GRACE_EVID_00130_BODY_01,AQUINAS_NATURE_GRACE,Nature and Grace: Selections from the Summa Theologica of Thomas Aquinas,Thomas Aquinas,130,Art. 2: Whether there are Many Original Sins in One Man,original; sin,original sin; sin,original~original sin in heading (0); original~sin in heading (1); sin~original sin in heading (0); original~original sin in body (0),2026-09-04T17:19:48.899911+00:00,pending
are many original sins in,are many original sins in,original sin,1,1,AQUINAS_NATURE_GRACE_EVID_00130_BODY_01,AQUINAS_NATURE_GRACE,Nature and Grace: Selections from the Summa Theologica of Thomas Aquinas,Thomas Aquinas,130,Art. 2: Whether there are Many Original Sins in One Man,original; sin,original sin; sin,original~original sin in heading (0); original~sin in heading (1); sin~original sin in heading (0); original~original sin in body (0),2026-09-04T17:19:48.899911+00:00,pending
are several original sins,are several original sins,original sin,1,1,AQUINAS_SUMMA_EVID_02331_BODY_01,AQUINAS_SUMMA,Summa Theologica,Thomas Aquinas,2331,Article. 2 - Whether there are several original sins in one man?,original; sin,original sin; sin,original~original sin in heading (0); original~sin in heading (1); sin~original sin in heading (0); original~original sin in body (0),2026-09-04T17:19:48.899911+00:00,pending
are several original sins in,are several original sins in,original sin,1,1,AQUINAS_SUMMA_EVID_02331_BODY_01,AQUINAS_SUMMA,Summa Theologica,Thomas Aquinas,2331,Article. 2 - Whether there are several original sins in one man?,original; sin,original sin; sin,original~original sin in heading (0); original~sin in heading (1); sin~original sin in heading (0); original~original sin in body (0),2026-09-04T17:19:48.899911+00:00,pending
away actual sin,away actual sin,original sin,1,1,AQUINAS_SUMMA_EVID_04733_BODY_01,AQUINAS_SUMMA,Summa Theologica,Thomas Aquinas,4733,"Article. 4 - Whether God became incarnate in order to take away actual sin, rather than to take away original sin?",original; sin,original sin; sin,original~original sin in heading (0); original~sin in heading (1); sin~original sin in heading (0); original~original sin in body (0),2026-09-04T17:19:48.899911+00:00,pending
away actual sin rather,away actual sin rather,original sin,1,1,AQUINAS_SUMMA_EVID_04733_BODY_01,AQUINAS_SUMMA,Summa Theologica,Thomas Aquinas,4733,"Article. 4 - Whether God became incarnate in order to take away actual sin, rather than to take away original sin?",original; sin,original sin; sin,original~original sin in heading (0); original~sin in heading (1); sin~original sin in heading (0); original~original sin in body (0),2026-09-04T17:19:48.899911+00:00,pending
away actual sin rather than,away actual sin rather than,original sin,1,1,AQUINAS_SUMMA_EVID_04733_BODY_01,AQUINAS_SUMMA,Summa Theologica,Thomas Aquinas,4733,"Article. 4 - Whether God became incarnate in order to take away actual sin, rather than to take away original sin?",original; sin,original sin; sin,original~original sin in heading (0); original~sin in heading (1); sin~original sin in heading (0); original~original sin in body (0),2026-09-04T17:19:48.899911+00:00,pending
away original sin,away original sin,original sin,1,1,AQUINAS_SUMMA_EVID_04733_BODY_01,AQUINAS_SUMMA,Summa Theologica,Thomas Aquinas,4733,"Article. 4 - Whether God became incarnate in order to take away actual sin, rather than to take away original sin?",original; sin,original sin; sin,original~original sin in heading (0); original~sin in heading (1); sin~original sin in heading (0); original~original sin in body (0),2026-09-04T17:19:48.899911+00:00,pending
by original sin,by original sin,original sin,1,1,AQUINAS_SUMMA_EVID_02342_BODY_01,AQUINAS_SUMMA,Summa Theologica,Thomas Aquinas,2342,Article. 4 - Whether the aforesaid powers are more infected than the others?,original; sin,original sin; sin,original~original sin in heading (0); original~sin in heading (1); sin~original sin in heading (0); original~original sin in body (0),2026-09-04T17:19:48.899911+00:00,pending
contracted original,contracted original,original sin,1,1,AQUINAS_SUMMA_EVID_02326_BODY_01,AQUINAS_SUMMA,Summa Theologica,Thomas Aquinas,2326,"Article. 5 - Whether if Eve, and not Adam, had sinned, their children would have contracted original sin?",original; sin,original sin; sin,original~original sin in heading (0); original~sin in heading (1); sin~original sin in heading (0); original~original sin in body (0),2026-09-04T17:19:48.899911+00:00,pending
contracted original sin,contracted original sin,original sin,1,1,AQUINAS_SUMMA_EVID_02326_BODY_01,AQUINAS_SUMMA,Summa Theologica,Thomas Aquinas,2326,"Article. 5 - Whether if Eve, and not Adam, had sinned, their children would have contracted original sin?",original; sin,original sin; sin,original~original sin in heading (0); original~sin in heading (1); sin~original sin in heading (0); original~original sin in body (0),2026-09-04T17:19:48.899911+00:00,pending
depart with original sin,depart with original sin,original sin,1,1,AQUINAS_SUMMA_EVID_06915_BODY_01,AQUINAS_SUMMA,Summa Theologica,Thomas Aquinas,6915,"Article. 1 - Whether those souls which depart with original sin alone, suffer from a bodily fire, and are punished by fire?",original; sin,original sin; sin,original~original sin in heading (0); original~sin in heading (1); sin~original sin in heading (0); original~original sin in body (0),2026-09-04T17:19:48.899911+00:00,pending
depart with original sin alone,depart with original sin alone,original sin,1,1,AQUINAS_SUMMA_EVID_06915_BODY_01,AQUINAS_SUMMA,Summa Theologica,Thomas Aquinas,6915,"Article. 1 - Whether those souls which depart with original sin alone, suffer from a bodily fire, and are punished by fire?",original; sin,original sin; sin,original~original sin in heading (0); original~sin in heading (1); sin~original sin in heading (0); original~original sin in body (0),2026-09-04T17:19:48.899911+00:00,pending
died in original sin,died in original sin,original sin,1,1,AQUINAS_SUMMA_EVID_05359_BODY_01,AQUINAS_SUMMA,Summa Theologica,Thomas Aquinas,5359,Article. 7 - Whether the children who died in original sin were delivered by Christ?,original; sin,original sin; sin,original~original sin in heading (0); original~sin in heading (1); sin~original sin in heading (0); original~original sin in body (0),2026-09-04T17:19:48.899911+00:00,pending
died in original sin were,died in original sin were,original sin,1,1,AQUINAS_SUMMA_EVID_05359_BODY_01,AQUINAS_SUMMA,Summa Theologica,Thomas Aquinas,5359,Article. 7 - Whether the children who died in original sin were delivered by Christ?,original; sin,original sin; sin,original~original sin in heading (0); original~sin in heading (1); sin~original sin in heading (0); original~original sin in body (0),2026-09-04T17:19:48.899911+00:00,pending
have contracted original,have contracted original,original sin,1,1,AQUINAS_SUMMA_EVID_02326_BODY_01,AQUINAS_SUMMA,Summa Theologica,Thomas Aquinas,2326,"Article. 5 - Whether if Eve, and not Adam, had sinned, their children would have contracted original sin?",original; sin,original sin; sin,original~original sin in heading (0); original~sin in heading (1); sin~original sin in heading (0); original~original sin in body (0),2026-09-04T17:19:48.899911+00:00,pending
have contracted original sin,have contracted original sin,original sin,1,1,AQUINAS_SUMMA_EVID_02326_BODY_01,AQUINAS_SUMMA,Summa Theologica,Thomas Aquinas,2326,"Article. 5 - Whether if Eve, and not Adam, had sinned, their children would have contracted original sin?",original; sin,original sin; sin,original~original sin in heading (0); original~sin in heading (1); sin~original sin in heading (0); original~original sin in body (0),2026-09-04T17:19:48.899911+00:00,pending
in original,in original,original sin,1,1,AQUINAS_SUMMA_EVID_05359_BODY_01,AQUINAS_SUMMA,Summa Theologica,Thomas Aquinas,5359,Article. 7 - Whether the children who died in original sin were delivered by Christ?,original; sin,original sin; sin,original~original sin in heading (0); original~sin in heading (1); sin~original sin in heading (0); original~original sin in body (0),2026-09-04T17:19:48.899911+00:00,pending
in original sin,in original sin,original sin,1,1,AQUINAS_SUMMA_EVID_05359_BODY_01,AQUINAS_SUMMA,Summa Theologica,Thomas Aquinas,5359,Article. 7 - Whether the children who died in original sin were delivered by Christ?,original; sin,original sin; sin,original~original sin in heading (0); original~sin in heading (1); sin~original sin in heading (0); original~original sin in body (0),2026-09-04T17:19:48.899911+00:00,pending
in original sin were,in original sin were,original sin,1,1,AQUINAS_SUMMA_EVID_05359_BODY_01,AQUINAS_SUMMA,Summa Theologica,Thomas Aquinas,5359,Article. 7 - Whether the children who died in original sin were delivered by Christ?,original; sin,original sin; sin,original~original sin in heading (0); original~sin in heading (1); sin~original sin in heading (0); original~original sin in body (0),2026-09-04T17:19:48.899911+00:00,pending
in original sin were delivered,in original sin were delivered,original sin,1,1,AQUINAS_SUMMA_EVID_05359_BODY_01,AQUINAS_SUMMA,Summa Theologica,Thomas Aquinas,5359,Article. 7 - Whether the children who died in original sin were delivered by Christ?,original; sin,original sin; sin,original~original sin in heading (0); original~sin in heading (1); sin~original sin in heading (0); original~original sin in body (0),2026-09-04T17:19:48.899911+00:00,pending
infected by original sin,infected by original sin,original sin,1,1,AQUINAS_SUMMA_EVID_02342_BODY_01,AQUINAS_SUMMA,Summa Theologica,Thomas Aquinas,2342,Article. 4 - Whether the aforesaid powers are more infected than the others?,original; sin,original sin; sin,original~original sin in heading (0); original~sin in heading (1); sin~original sin in heading (0); original~original sin in body (0),2026-09-04T17:19:48.899911+00:00,pending
infection of original sin,infection of original sin,original sin,1,1,AQUINAS_SUMMA_EVID_02342_BODY_01,AQUINAS_SUMMA,Summa Theologica,Thomas Aquinas,2342,Article. 4 - Whether the aforesaid powers are more infected than the others?,original; sin,original sin; sin,original~original sin in heading (0); original~sin in heading (1); sin~original sin in heading (0); original~original sin in body (0),2026-09-04T17:19:48.899911+00:00,pending
many original sins,many original sins,original sin,1,1,AQUINAS_NATURE_GRACE_EVID_00130_BODY_01,AQUINAS_NATURE_GRACE,Nature and Grace: Selections from the Summa Theologica of Thomas Aquinas,Thomas Aquinas,130,Art. 2: Whether there are Many Original Sins in One Man,original; sin,original sin; sin,original~original sin in heading (0); original~sin in heading (1); sin~original sin in heading (0); original~original sin in body (0),2026-09-04T17:19:48.899911+00:00,pending
many original sins in,many original sins in,original sin,1,1,AQUINAS_NATURE_GRACE_EVID_00130_BODY_01,AQUINAS_NATURE_GRACE,Nature and Grace: Selections from the Summa Theologica of Thomas Aquinas,Thomas Aquinas,130,Art. 2: Whether there are Many Original Sins in One Man,original; sin,original sin; sin,original~original sin in heading (0); original~sin in heading (1); sin~original sin in heading (0); original~original sin in body (0),2026-09-04T17:19:48.899911+00:00,pending
many original sins in one,many original sins in one,original sin,1,1,AQUINAS_NATURE_GRACE_EVID_00130_BODY_01,AQUINAS_NATURE_GRACE,Nature and Grace: Selections from the Summa Theologica of Thomas Aquinas,Thomas Aquinas,130,Art. 2: Whether there are Many Original Sins in One Man,original; sin,original sin; sin,original~original sin in heading (0); original~sin in heading (1); sin~original sin in heading (0); original~original sin in body (0),2026-09-04T17:19:48.899911+00:00,pending
mortal sin,mortal sin,original sin,1,1,AQUINAS_SUMMA_EVID_02410_BODY_01,AQUINAS_SUMMA,Summa Theologica,Thomas Aquinas,2410,Article. 6 - Whether venial sin can be in anyone with original sin alone?,original; sin,original sin; sin,original~original sin in heading (0); original~sin in heading (1); sin~original sin in heading (0); original~original sin in body (0),2026-09-04T17:19:48.899911+00:00,pending
of original sin as,of original sin as,original sin,1,1,AQUINAS_SUMMA_EVID_02328_BODY_01,AQUINAS_SUMMA,Summa Theologica,Thomas Aquinas,2328,"Question. 82 - OF ORIGINAL SIN, AS TO ITS ESSENCE (FOUR ARTICLES)",original; sin,original sin; sin,original~original sin in heading (0); original~sin in heading (1); sin~original sin in heading (0); original~original sin in body (0),2026-09-04T17:19:48.899911+00:00,pending
of original sin as to,of original sin as to,original sin,1,1,AQUINAS_SUMMA_EVID_02328_BODY_01,AQUINAS_SUMMA,Summa Theologica,Thomas Aquinas,2328,"Question. 82 - OF ORIGINAL SIN, AS TO ITS ESSENCE (FOUR ARTICLES)",original; sin,original sin; sin,original~original sin in heading (0); original~sin in heading (1); sin~original sin in heading (0); original~original sin in body (0),2026-09-04T17:19:48.899911+00:00,pending
of original sin four,of original sin four,original sin,1,1,AQUINAS_SUMMA_EVID_02342_BODY_01,AQUINAS_SUMMA,Summa Theologica,Thomas Aquinas,2342,Article. 4 - Whether the aforesaid powers are more infected than the others?,original; sin,original sin; sin,original~original sin in heading (0); original~sin in heading (1); sin~original sin in heading (0); original~original sin in body (0),2026-09-04T17:19:48.899911+00:00,pending
of original sin four articles,of original sin four articles,original sin,1,1,AQUINAS_SUMMA_EVID_02342_BODY_01,AQUINAS_SUMMA,Summa Theologica,Thomas Aquinas,2342,Article. 4 - Whether the aforesaid powers are more infected than the others?,original; sin,original sin; sin,original~original sin in heading (0); original~sin in heading (1); sin~original sin in heading (0); original~original sin in body (0),2026-09-04T17:19:48.899911+00:00,pending
of original sin is,of original sin is,original sin,1,1,AQUINAS_SUMMA_EVID_02342_BODY_01,AQUINAS_SUMMA,Summa Theologica,Thomas Aquinas,2342,Article. 4 - Whether the aforesaid powers are more infected than the others?,original; sin,original sin; sin,original~original sin in heading (0); original~sin in heading (1); sin~original sin in heading (0); original~original sin in body (0),2026-09-04T17:19:48.899911+00:00,pending
of original sin supplement,of original sin supplement,original sin,1,1,AQUINAS_SUMMA_EVID_05941_BODY_01,AQUINAS_SUMMA,Summa Theologica,Thomas Aquinas,5941,Article. 2 - Whether contrition should be on account of original sin?,original; sin,original sin; sin,original~original sin in heading (0); original~sin in heading (1); sin~original sin in heading (0); original~original sin in body (0),2026-09-04T17:19:48.899911+00:00,pending
of original sin supplement xp,of original sin supplement xp,original sin,1,1,AQUINAS_SUMMA_EVID_05941_BODY_01,AQUINAS_SUMMA,Summa Theologica,Thomas Aquinas,5941,Article. 2 - Whether contrition should be on account of original sin?,original; sin,original sin; sin,original~original sin in heading (0); original~sin in heading (1); sin~original sin in heading (0); original~original sin in body (0),2026-09-04T17:19:48.899911+00:00,pending
on account of original,on account of original,original sin,1,1,AQUINAS_SUMMA_EVID_05941_BODY_01,AQUINAS_SUMMA,Summa Theologica,Thomas Aquinas,5941,Article. 2 - Whether contrition should be on account of original sin?,original; sin,original sin; sin,original~original sin in heading (0); original~sin in heading (1); sin~original sin in heading (0); original~original sin in body (0),2026-09-04T17:19:48.899911+00:00,pending
on account of original sin,on account of original sin,original sin,1,1,AQUINAS_SUMMA_EVID_05941_BODY_01,AQUINAS_SUMMA,Summa Theologica,Thomas Aquinas,5941,Article. 2 - Whether contrition should be on account of original sin?,original; sin,original sin; sin,original~original sin in heading (0); original~sin in heading (1); sin~original sin in heading (0); original~original sin in body (0),2026-09-04T17:19:48.899911+00:00,pending
original sin alone suffer,original sin alone suffer,original sin,1,1,AQUINAS_SUMMA_EVID_06915_BODY_01,AQUINAS_SUMMA,Summa Theologica,Thomas Aquinas,6915,"Article. 1 - Whether those souls which depart with original sin alone, suffer from a bodily fire, and are punished by fire?",original; sin,original sin; sin,original~original sin in heading (0); original~sin in heading (1); sin~original sin in heading (0); original~original sin in body (0),2026-09-04T17:19:48.899911+00:00,pending
original sin as,original sin as,original sin,1,1,AQUINAS_SUMMA_EVID_02328_BODY_01,AQUINAS_SUMMA,Summa Theologica,Thomas Aquinas,2328,"Question. 82 - OF ORIGINAL SIN, AS TO ITS ESSENCE (FOUR ARTICLES)",original; sin,original sin; sin,original~original sin in heading (0); original~sin in heading (1); sin~original sin in heading (0); original~original sin in body (0),2026-09-04T17:19:48.899911+00:00,pending
original sin as to,original sin as to,original sin,1,1,AQUINAS_SUMMA_EVID_02328_BODY_01,AQUINAS_SUMMA,Summa Theologica,Thomas Aquinas,2328,"Question. 82 - OF ORIGINAL SIN, AS TO ITS ESSENCE (FOUR ARTICLES)",original; sin,original sin; sin,original~original sin in heading (0); original~sin in heading (1); sin~original sin in heading (0); original~original sin in body (0),2026-09-04T17:19:48.899911+00:00,pending
original sin as to its,original sin as to its,original sin,1,1,AQUINAS_SUMMA_EVID_02328_BODY_01,AQUINAS_SUMMA,Summa Theologica,Thomas Aquinas,2328,"Question. 82 - OF ORIGINAL SIN, AS TO ITS ESSENCE (FOUR ARTICLES)",original; sin,original sin; sin,original~original sin in heading (0); original~sin in heading (1); sin~original sin in heading (0); original~original sin in body (0),2026-09-04T17:19:48.899911+00:00,pending
original sin four,original sin four,original sin,1,1,AQUINAS_SUMMA_EVID_02342_BODY_01,AQUINAS_SUMMA,Summa Theologica,Thomas Aquinas,2342,Article. 4 - Whether the aforesaid powers are more infected than the others?,original; sin,original sin; sin,original~original sin in heading (0); original~sin in heading (1); sin~original sin in heading (0); original~original sin in body (0),2026-09-04T17:19:48.899911+00:00,pending
original sin infects,original sin infects,original sin,1,1,AQUINAS_SUMMA_EVID_02341_BODY_01,AQUINAS_SUMMA,Summa Theologica,Thomas Aquinas,2341,Article. 3 - Whether original sin infects the will before the other powers?,original; sin,original sin; sin,original~original sin in heading (0); original~sin in heading (1); sin~original sin in heading (0); original~original sin in body (0),2026-09-04T17:19:48.899911+00:00,pending
original sin infects the,original sin infects the,original sin,1,1,AQUINAS_SUMMA_EVID_02341_BODY_01,AQUINAS_SUMMA,Summa Theologica,Thomas Aquinas,2341,Article. 3 - Whether original sin infects the will before the other powers?,original; sin,original sin; sin,original~original sin in heading (0); original~sin in heading (1); sin~original sin in heading (0); original~original sin in body (0),2026-09-04T17:19:48.899911+00:00,pending
original sin is concupiscence,original sin is concupiscence,original sin,1,1,AQUINAS_SUMMA_EVID_02333_BODY_01,AQUINAS_SUMMA,Summa Theologica,Thomas Aquinas,2333,Article. 3 - Whether original sin is concupiscence?,original; sin,original sin; sin,original~original sin in heading (0); original~sin in heading (1); sin~original sin in heading (0); original~original sin in body (0),2026-09-04T17:19:48.899911+00:00,pending
original sin is desire,original sin is desire,original sin,1,1,AQUINAS_NATURE_GRACE_EVID_00132_BODY_01,AQUINAS_NATURE_GRACE,Nature and Grace: Selections from the Summa Theologica of Thomas Aquinas,Thomas Aquinas,132,Art. 3: Whether Original Sin is Desire,original; sin,original sin; sin,original~original sin in heading (0); original~sin in heading (1); sin~original sin in heading (0); original~original sin in body (0),2026-09-04T17:19:48.899911+00:00,pending
original sin is equally,original sin is equally,original sin,1,1,AQUINAS_SUMMA_EVID_02335_BODY_01,AQUINAS_SUMMA,Summa Theologica,Thomas Aquinas,2335,Article. 4 - Whether original sin is equally in all?,original; sin,original sin; sin,original~original sin in heading (0); original~sin in heading (1); sin~original sin in heading (0); original~original sin in body (0),2026-09-04T17:19:48.899911+00:00,pending
original sin is more,original sin is more,original sin,1,1,AQUINAS_SUMMA_EVID_02337_BODY_01,AQUINAS_SUMMA,Summa Theologica,Thomas Aquinas,2337,Article. 1 - Whether original sin is more in the flesh than in the soul?,original; sin,original sin; sin,original~original sin in heading (0); original~sin in heading (1); sin~original sin in heading (0); original~original sin in body (0),2026-09-04T17:19:48.899911+00:00,pending
original sin were,original sin were,original sin,1,1,AQUINAS_SUMMA_EVID_05359_BODY_01,AQUINAS_SUMMA,Summa Theologica,Thomas Aquinas,5359,Article. 7 - Whether the children who died in original sin were delivered by Christ?,original; sin,original sin; sin,original~original sin in heading (0); original~sin in heading (1); sin~original sin in heading (0); original~original sin in body (0),2026-09-04T17:19:48.899911+00:00,pending
original sin were delivered,original sin were delivered,original sin,1,1,AQUINAS_SUMMA_EVID_05359_BODY_01,AQUINAS_SUMMA,Summa Theologica,Thomas Aquinas,5359,Article. 7 - Whether the children who died in original sin were delivered by Christ?,original; sin,original sin; sin,original~original sin in heading (0); original~sin in heading (1); sin~original sin in heading (0); original~original sin in body (0),2026-09-04T17:19:48.899911+00:00,pending
original sin would,original sin would,original sin,1,1,AQUINAS_SUMMA_EVID_02325_BODY_01,AQUINAS_SUMMA,Summa Theologica,Thomas Aquinas,2325,Article. 4 - Whether original sin would be contracted by a person formed miraculously from human flesh?,original; sin,original sin; sin,original~original sin in heading (0); original~sin in heading (1); sin~original sin in heading (0); original~original sin in body (0),2026-09-04T17:19:48.899911+00:00,pending
original sin would be,original sin would be,original sin,1,1,AQUINAS_SUMMA_EVID_02325_BODY_01,AQUINAS_SUMMA,Summa Theologica,Thomas Aquinas,2325,Article. 4 - Whether original sin would be contracted by a person formed miraculously from human flesh?,original; sin,original sin; sin,original~original sin in heading (0); original~sin in heading (1); sin~original sin in heading (0); original~original sin in body (0),2026-09-04T17:19:48.899911+00:00,pending
several original sins,several original sins,original sin,1,1,AQUINAS_SUMMA_EVID_02331_BODY_01,AQUINAS_SUMMA,Summa Theologica,Thomas Aquinas,2331,Article. 2 - Whether there are several original sins in one man?,original; sin,original sin; sin,original~original sin in heading (0); original~sin in heading (1); sin~original sin in heading (0); original~original sin in body (0),2026-09-04T17:19:48.899911+00:00,pending
several original sins in,several original sins in,original sin,1,1,AQUINAS_SUMMA_EVID_02331_BODY_01,AQUINAS_SUMMA,Summa Theologica,Thomas Aquinas,2331,Article. 2 - Whether there are several original sins in one man?,original; sin,original sin; sin,original~original sin in heading (0); original~sin in heading (1); sin~original sin in heading (0); original~original sin in body (0),2026-09-04T17:19:48.899911+00:00,pending
several original sins in one,several original sins in one,original sin,1,1,AQUINAS_SUMMA_EVID_02331_BODY_01,AQUINAS_SUMMA,Summa Theologica,Thomas Aquinas,2331,Article. 2 - Whether there are several original sins in one man?,original; sin,original sin; sin,original~original sin in heading (0); original~sin in heading (1); sin~original sin in heading (0); original~original sin in body (0),2026-09-04T17:19:48.899911+00:00,pending
take away original sin,take away original sin,original sin,1,1,AQUINAS_SUMMA_EVID_04733_BODY_01,AQUINAS_SUMMA,Summa Theologica,Thomas Aquinas,4733,"Article. 4 - Whether God became incarnate in order to take away actual sin, rather than to take away original sin?",original; sin,original sin; sin,original~original sin in heading (0); original~sin in heading (1); sin~original sin in heading (0); original~original sin in body (0),2026-09-04T17:19:48.899911+00:00,pending
venial sin,venial sin,original sin,1,1,AQUINAS_SUMMA_EVID_02410_BODY_01,AQUINAS_SUMMA,Summa Theologica,Thomas Aquinas,2410,Article. 6 - Whether venial sin can be in anyone with original sin alone?,original; sin,original sin; sin,original~original sin in heading (0); original~sin in heading (1); sin~original sin in heading (0); original~original sin in body (0),2026-09-04T17:19:48.899911+00:00,pending
whether original sin infects,whether original sin infects,original sin,1,1,AQUINAS_SUMMA_EVID_02341_BODY_01,AQUINAS_SUMMA,Summa Theologica,Thomas Aquinas,2341,Article. 3 - Whether original sin infects the will before the other powers?,original; sin,original sin; sin,original~original sin in heading (0); original~sin in heading (1); sin~original sin in heading (0); original~original sin in body (0),2026-09-04T17:19:48.899911+00:00,pending
whether original sin infects the,whether original sin infects the,original sin,1,1,AQUINAS_SUMMA_EVID_02341_BODY_01,AQUINAS_SUMMA,Summa Theologica,Thomas Aquinas,2341,Article. 3 - Whether original sin infects the will before the other powers?,original; sin,original sin; sin,original~original sin in heading (0); original~sin in heading (1); sin~original sin in heading (0); original~original sin in body (0),2026-09-04T17:19:48.899911+00:00,pending
whether original sin is concupiscence,whether original sin is concupiscence,original sin,1,1,AQUINAS_SUMMA_EVID_02333_BODY_01,AQUINAS_SUMMA,Summa Theologica,Thomas Aquinas,2333,Article. 3 - Whether original sin is concupiscence?,original; sin,original sin; sin,original~original sin in heading (0); original~sin in heading (1); sin~original sin in heading (0); original~original sin in body (0),2026-09-04T17:19:48.899911+00:00,pending
whether original sin is desire,whether original sin is desire,original sin,1,1,AQUINAS_NATURE_GRACE_EVID_00132_BODY_01,AQUINAS_NATURE_GRACE,Nature and Grace: Selections from the Summa Theologica of Thomas Aquinas,Thomas Aquinas,132,Art. 3: Whether Original Sin is Desire,original; sin,original sin; sin,original~original sin in heading (0); original~sin in heading (1); sin~original sin in heading (0); original~original sin in body (0),2026-09-04T17:19:48.899911+00:00,pending
whether original sin is equally,whether original sin is equally,original sin,1,1,AQUINAS_SUMMA_EVID_02335_BODY_01,AQUINAS_SUMMA,Summa Theologica,Thomas Aquinas,2335,Article. 4 - Whether original sin is equally in all?,original; sin,original sin; sin,original~original sin in heading (0); original~sin in heading (1); sin~original sin in heading (0); original~original sin in body (0),2026-09-04T17:19:48.899911+00:00,pending
whether original sin is more,whether original sin is more,original sin,1,1,AQUINAS_SUMMA_EVID_02337_BODY_01,AQUINAS_SUMMA,Summa Theologica,Thomas Aquinas,2337,Article. 1 - Whether original sin is more in the flesh than in the soul?,original; sin,original sin; sin,original~original sin in heading (0); original~sin in heading (1); sin~original sin in heading (0); original~original sin in body (0),2026-09-04T17:19:48.899911+00:00,pending
whether original sin would,whether original sin would,original sin,1,1,AQUINAS_SUMMA_EVID_02325_BODY_01,AQUINAS_SUMMA,Summa Theologica,Thomas Aquinas,2325,Article. 4 - Whether original sin would be contracted by a person formed miraculously from human flesh?,original; sin,original sin; sin,original~original sin in heading (0); original~sin in heading (1); sin~original sin in heading (0); original~original sin in body (0),2026-09-04T17:19:48.899911+00:00,pending
whether original sin would be,whether original sin would be,original sin,1,1,AQUINAS_SUMMA_EVID_02325_BODY_01,AQUINAS_SUMMA,Summa Theologica,Thomas Aquinas,2325,Article. 4 - Whether original sin would be contracted by a person formed miraculously from human flesh?,original; sin,original sin; sin,original~original sin in heading (0); original~sin in heading (1); sin~original sin in heading (0); original~original sin in body (0),2026-09-04T17:19:48.899911+00:00,pending
with original sin alone suffer,with original sin alone suffer,original sin,1,1,AQUINAS_SUMMA_EVID_06915_BODY_01,AQUINAS_SUMMA,Summa Theologica,Thomas Aquinas,6915,"Article. 1 - Whether those souls which depart with original sin alone, suffer from a bodily fire, and are punished by fire?",original; sin,original sin; sin,original~original sin in heading (0); original~sin in heading (1); sin~original sin in heading (0); original~original sin in body (0),2026-09-04T17:19:48.899911+00:00,pending
would have contracted original,would have contracted original,original sin,1,1,AQUINAS_SUMMA_EVID_02326_BODY_01,AQUINAS_SUMMA,Summa Theologica,Thomas Aquinas,2326,"Article. 5 - Whether if Eve, and not Adam, had sinned, their children would have contracted original sin?",original; sin,original sin; sin,original~original sin in heading (0); original~sin in heading (1); sin~original sin in heading (0); original~original sin in body (0),2026-09-04T17:19:48.899911+00:00,pending
would have contracted original sin,would have contracted original sin,original sin,1,1,AQUINAS_SUMMA_EVID_02326_BODY_01,AQUINAS_SUMMA,Summa Theologica,Thomas Aquinas,2326,"Article. 5 - Whether if Eve, and not Adam, had sinned, their children would have contracted original sin?",original; sin,original sin; sin,original~original sin in heading (0); original~sin in heading (1); sin~original sin in heading (0); original~original sin in body (0),2026-09-04T17:19:48.899911+00:00,pending
27 the procession,27 the procession,procession of the spirit,1,1,AQUINAS_SUMMA_EVID_00482_BODY_01,AQUINAS_SUMMA,Summa Theologica,Thomas Aquinas,482,Question. 27 - The Procession of the Divine Persons (Five Articles),procession,,,2026-09-04T17:19:48.899911+00:00,pending
27 the procession of,27 the procession of,procession of the spirit,1,1,AQUINAS_SUMMA_EVID_00482_BODY_01,AQUINAS_SUMMA,Summa Theologica,Thomas Aquinas,482,Question. 27 - The Procession of the Divine Persons (Five Articles),procession,,,2026-09-04T17:19:48.899911+00:00,pending
27 the procession of the,27 the procession of the,procession of the spirit,1,1,AQUINAS_SUMMA_EVID_00482_BODY_01,AQUINAS_SUMMA,Summa Theologica,Thomas Aquinas,482,Question. 27 - The Procession of the Divine Persons (Five Articles),procession,,,2026-09-04T17:19:48.899911+00:00,pending
4 whether the procession,4 whether the procession,procession of the spirit,1,1,AQUINAS_SUMMA_EVID_00489_BODY_01,AQUINAS_SUMMA,Summa Theologica,Thomas Aquinas,489,Article. 4 - Whether the procession of love in God is generation?,procession; spirit,,,2026-09-04T17:19:48.899911+00:00,pending
497 the procession,497 the procession,procession of the spirit,1,1,CHARLES_HADDON_SPURGEON_SERMONS09_EVID_00131_BODY_01,CHARLES_HADDON_SPURGEON_SERMONS09,Spurgeon's Sermons Volume 09: 1863,Charles Haddon Spurgeon,131,Sermon 497. The Procession of Sorrow,procession; spirit,,,2026-09-04T17:19:48.899911+00:00,pending
497 the procession of,497 the procession of,procession of the spirit,1,1,CHARLES_HADDON_SPURGEON_SERMONS09_EVID_00131_BODY_01,CHARLES_HADDON_SPURGEON_SERMONS09,Spurgeon's Sermons Volume 09: 1863,Charles Haddon Spurgeon,131,Sermon 497. The Procession of Sorrow,procession; spirit,,,2026-09-04T17:19:48.899911+00:00,pending
497 the procession of sorrow,497 the procession of sorrow,procession of the spirit,1,1,CHARLES_HADDON_SPURGEON_SERMONS09_EVID_00131_BODY_01,CHARLES_HADDON_SPURGEON_SERMONS09,Spurgeon's Sermons Volume 09: 1863,Charles Haddon Spurgeon,131,Sermon 497. The Procession of Sorrow,procession; spirit,,,2026-09-04T17:19:48.899911+00:00,pending
a spirit hostile,a spirit hostile,procession of the spirit,1,1,ABRAHAM_KUYPER_GREATER_EVID_00043_BODY_01,ABRAHAM_KUYPER_GREATER,You Can Do Greater Things Than Christ,Abraham Kuyper,43,THE WORLD OF THE SPIRITS,spirit,,,2026-09-04T17:19:48.899911+00:00,pending
and evil spirits,and evil spirits,procession of the spirit,1,1,ABRAHAM_KUYPER_GREATER_EVID_00045_BODY_01,ABRAHAM_KUYPER_GREATER,You Can Do Greater Things Than Christ,Abraham Kuyper,45,THE WORLD OF THE SPIRITS,spirit,,,2026-09-04T17:19:48.899911+00:00,pending
and spirits must,and spirits must,procession of the spirit,1,1,ABRAHAM_KUYPER_GREATER_EVID_00044_BODY_01,ABRAHAM_KUYPER_GREATER,You Can Do Greater Things Than Christ,Abraham Kuyper,44,THE WORLD OF THE SPIRITS,spirit,,,2026-09-04T17:19:48.899911+00:00,pending
any other procession,any other procession,procession of the spirit,1,1,AQUINAS_SUMMA_EVID_00487_BODY_01,AQUINAS_SUMMA,Summa Theologica,Thomas Aquinas,487,Article. 3 - Whether any other procession exists in God besides that of the Word?,procession,,,2026-09-04T17:19:48.899911+00:00,pending
concerning the holy spirit and,concerning the holy spirit and,procession of the spirit,1,1,JOHN_OWEN_PNEUM_EVID_00048_BODY_01,JOHN_OWEN_PNEUM,Pneumatologia,John Owen,48,Chapter I. General principles concerning the Holy Spirit and his work.,spirit,,,2026-09-04T17:19:48.899911+00:00,pending
concerning the holy spirit book,concerning the holy spirit book,procession of the spirit,1,1,JOHN_OWEN_PNEUM_EVID_00124_BODY_01,JOHN_OWEN_PNEUM,Pneumatologia,John Owen,124,Chapter V. Way and manner of the divine dispensation of the Holy Spirit.,procession; spirit,,,2026-09-04T17:19:48.899911+00:00,pending
holy spirit and,holy spirit and,procession of the spirit,1,1,JOHN_OWEN_PNEUM_EVID_00048_BODY_01,JOHN_OWEN_PNEUM,Pneumatologia,John Owen,48,Chapter I. General principles concerning the Holy Spirit and his work.,spirit,,,2026-09-04T17:19:48.899911+00:00,pending
holy spirit and his,holy spirit and his,procession of the spirit,1,1,JOHN_OWEN_PNEUM_EVID_00048_BODY_01,JOHN_OWEN_PNEUM,Pneumatologia,John Owen,48,Chapter I. General principles concerning the Holy Spirit and his work.,spirit,,,2026-09-04T17:19:48.899911+00:00,pending
holy spirit and his work,holy spirit and his work,procession of the spirit,1,1,JOHN_OWEN_PNEUM_EVID_00048_BODY_01,JOHN_OWEN_PNEUM,Pneumatologia,John Owen,48,Chapter I. General principles concerning the Holy Spirit and his work.,spirit,,,2026-09-04T17:19:48.899911+00:00,pending
holy spirit book,holy spirit book,procession of the spirit,1,1,JOHN_OWEN_PNEUM_EVID_00124_BODY_01,JOHN_OWEN_PNEUM,Pneumatologia,John Owen,124,Chapter V. Way and manner of the divine dispensation of the Holy Spirit.,procession; spirit,,,2026-09-04T17:19:48.899911+00:00,pending
holy spirit book i,holy spirit book i,procession of the spirit,1,1,JOHN_OWEN_PNEUM_EVID_00124_BODY_01,JOHN_OWEN_PNEUM,Pneumatologia,John Owen,124,Chapter V. Way and manner of the divine dispensation of the Holy Spirit.,procession; spirit,,,2026-09-04T17:19:48.899911+00:00,pending
holy spirit book i chapter,holy spirit book i chapter,procession of the spirit,1,1,JOHN_OWEN_PNEUM_EVID_00124_BODY_01,JOHN_OWEN_PNEUM,Pneumatologia,John Owen,124,Chapter V. Way and manner of the divine dispensation of the Holy Spirit.,procession; spirit,,,2026-09-04T17:19:48.899911+00:00,pending
holy spirit doctrinal,holy spirit doctrinal,procession of the spirit,1,1,NPNF1_03_EVID_00232_BODY_01,NPNF1_03,NPNF1-03. On the Holy Trinity; Doctrinal Treatises; Moral Treatises,Augustine of Hippo,232,The Father and the Son the Only Beginning (Principium) of the Holy Spirit.,procession; spirit,,,2026-09-04T17:19:48.899911+00:00,pending
holy spirit doctrinal treatises,holy spirit doctrinal treatises,procession of the spirit,1,1,NPNF1_03_EVID_00232_BODY_01,NPNF1_03,NPNF1-03. On the Holy Trinity; Doctrinal Treatises; Moral Treatises,Augustine of Hippo,232,The Father and the Son the Only Beginning (Principium) of the Holy Spirit.,procession; spirit,,,2026-09-04T17:19:48.899911+00:00,pending
holy spirit doctrinal treatises of,holy spirit doctrinal treatises of,procession of the spirit,1,1,NPNF1_03_EVID_00232_BODY_01,NPNF1_03,NPNF1-03. On the Holy Trinity; Doctrinal Treatises; Moral Treatises,Augustine of Hippo,232,The Father and the Son the Only Beginning (Principium) of the Holy Spirit.,procession; spirit,,,2026-09-04T17:19:48.899911+00:00,pending
holy spirit nicene,holy spirit nicene,procession of the spirit,1,1,PHILIP_SCHAFF_HCC3_EVID_00582_BODY_01,PHILIP_SCHAFF_HCC3,"History of the Christian Church, Volume III: Nicene and Post-Nicene Christianity. A.D. 311-600",Philip Schaff,582,The Doctrine of the Holy Spirit,procession; spirit,,,2026-09-04T17:19:48.899911+00:00,pending
holy spirit nicene and,holy spirit nicene and,procession of the spirit,1,1,PHILIP_SCHAFF_HCC3_EVID_00582_BODY_01,PHILIP_SCHAFF_HCC3,"History of the Christian Church, Volume III: Nicene and Post-Nicene Christianity. A.D. 311-600",Philip Schaff,582,The Doctrine of the Holy Spirit,procession; spirit,,,2026-09-04T17:19:48.899911+00:00,pending
holy spirit nicene and post,holy spirit nicene and post,procession of the spirit,1,1,PHILIP_SCHAFF_HCC3_EVID_00582_BODY_01,PHILIP_SCHAFF_HCC3,"History of the Christian Church, Volume III: Nicene and Post-Nicene Christianity. A.D. 311-600",Philip Schaff,582,The Doctrine of the Holy Spirit,procession; spirit,,,2026-09-04T17:19:48.899911+00:00,pending
holy spirit select,holy spirit select,procession of the spirit,1,1,NPNF2_07_EVID_00654_BODY_01,NPNF2_07,"NPNF2-07. Cyril of Jerusalem, Gregory Nazianzen",Gregory Nazianzen,654,The Fifth Theological Oration. On the Holy Spirit.,procession; spirit,,,2026-09-04T17:19:48.899911+00:00,pending
holy spirit select orations,holy spirit select orations,procession of the spirit,1,1,NPNF2_07_EVID_00654_BODY_01,NPNF2_07,"NPNF2-07. Cyril of Jerusalem, Gregory Nazianzen",Gregory Nazianzen,654,The Fifth Theological Oration. On the Holy Spirit.,procession; spirit,,,2026-09-04T17:19:48.899911+00:00,pending
holy spirit select orations of,holy spirit select orations of,procession of the spirit,1,1,NPNF2_07_EVID_00654_BODY_01,NPNF2_07,"NPNF2-07. Cyril of Jerusalem, Gregory Nazianzen",Gregory Nazianzen,654,The Fifth Theological Oration. On the Holy Spirit.,procession; spirit,,,2026-09-04T17:19:48.899911+00:00,pending
human spirit,human spirit,procession of the spirit,1,1,ABRAHAM_KUYPER_GREATER_EVID_00049_BODY_01,ABRAHAM_KUYPER_GREATER,You Can Do Greater Things Than Christ,Abraham Kuyper,49,THE WORLD OF THE SPIRITS,spirit,,,2026-09-04T17:19:48.899911+00:00,pending
is that unclean spirits,is that unclean spirits,procession of the spirit,1,1,NPNF2_11_EVID_00965_BODY_01,NPNF2_11,"NPNF-211. Sulpitius Severus, Vincent of Lerins, John Cassian",John Cassian,965,Chapter XII. The answer how it is that unclean spirits can lord it over those possessed.,spirit,,,2026-09-04T17:19:48.899911+00:00,pending
is that unclean spirits can,is that unclean spirits can,procession of the spirit,1,1,NPNF2_11_EVID_00965_BODY_01,NPNF2_11,"NPNF-211. Sulpitius Severus, Vincent of Lerins, John Cassian",John Cassian,965,Chapter XII. The answer how it is that unclean spirits can lord it over those possessed.,spirit,,,2026-09-04T17:19:48.899911+00:00,pending
more than two processions,more than two processions,procession of the spirit,1,1,AQUINAS_SUMMA_EVID_00491_BODY_01,AQUINAS_SUMMA,Summa Theologica,Thomas Aquinas,491,Article. 5 - Whether there are more than two processions in God?,procession,,,2026-09-04T17:19:48.899911+00:00,pending
more than two processions in,more than two processions in,procession of the spirit,1,1,AQUINAS_SUMMA_EVID_00491_BODY_01,AQUINAS_SUMMA,Summa Theologica,Thomas Aquinas,491,Article. 5 - Whether there are more than two processions in God?,procession,,,2026-09-04T17:19:48.899911+00:00,pending
of the holy spirit doctrinal,of the holy spirit doctrinal,procession of the spirit,1,1,NPNF1_03_EVID_00232_BODY_01,NPNF1_03,NPNF1-03. On the Holy Trinity; Doctrinal Treatises; Moral Treatises,Augustine of Hippo,232,The Father and the Son the Only Beginning (Principium) of the Holy Spirit.,procession; spirit,,,2026-09-04T17:19:48.899911+00:00,pending
of the holy spirit nicene,of the holy spirit nicene,procession of the spirit,1,1,PHILIP_SCHAFF_HCC3_EVID_00582_BODY_01,PHILIP_SCHAFF_HCC3,"History of the Christian Church, Volume III: Nicene and Post-Nicene Christianity. A.D. 311-600",Philip Schaff,582,The Doctrine of the Holy Spirit,procession; spirit,,,2026-09-04T17:19:48.899911+00:00,pending
on the holy spirit,on the holy spirit,procession of the spirit,1,1,NPNF2_07_EVID_00654_BODY_01,NPNF2_07,"NPNF2-07. Cyril of Jerusalem, Gregory Nazianzen",Gregory Nazianzen,654,The Fifth Theological Oration. On the Holy Spirit.,procession; spirit,,,2026-09-04T17:19:48.899911+00:00,pending
on the holy spirit select,on the holy spirit select,procession of the spirit,1,1,NPNF2_07_EVID_00654_BODY_01,NPNF2_07,"NPNF2-07. Cyril of Jerusalem, Gregory Nazianzen",Gregory Nazianzen,654,The Fifth Theological Oration. On the Holy Spirit.,procession; spirit,,,2026-09-04T17:19:48.899911+00:00,pending
other procession,other procession,procession of the spirit,1,1,AQUINAS_SUMMA_EVID_00487_BODY_01,AQUINAS_SUMMA,Summa Theologica,Thomas Aquinas,487,Article. 3 - Whether any other procession exists in God besides that of the Word?,procession,,,2026-09-04T17:19:48.899911+00:00,pending
other procession exists,other procession exists,procession of the spirit,1,1,AQUINAS_SUMMA_EVID_00487_BODY_01,AQUINAS_SUMMA,Summa Theologica,Thomas Aquinas,487,Article. 3 - Whether any other procession exists in God besides that of the Word?,procession,,,2026-09-04T17:19:48.899911+00:00,pending
other procession exists in,other procession exists in,procession of the spirit,1,1,AQUINAS_SUMMA_EVID_00487_BODY_01,AQUINAS_SUMMA,Summa Theologica,Thomas Aquinas,487,Article. 3 - Whether any other procession exists in God besides that of the Word?,procession,,,2026-09-04T17:19:48.899911+00:00,pending
other procession exists in god,other procession exists in god,procession of the spirit,1,1,AQUINAS_SUMMA_EVID_00487_BODY_01,AQUINAS_SUMMA,Summa Theologica,Thomas Aquinas,487,Article. 3 - Whether any other procession exists in God besides that of the Word?,procession,,,2026-09-04T17:19:48.899911+00:00,pending
procession exists,procession exists,procession of the spirit,1,1,AQUINAS_SUMMA_EVID_00487_BODY_01,AQUINAS_SUMMA,Summa Theologica,Thomas Aquinas,487,Article. 3 - Whether any other procession exists in God besides that of the Word?,procession,,,2026-09-04T17:19:48.899911+00:00,pending
procession exists in,procession exists in,procession of the spirit,1,1,AQUINAS_SUMMA_EVID_00487_BODY_01,AQUINAS_SUMMA,Summa Theologica,Thomas Aquinas,487,Article. 3 - Whether any other procession exists in God besides that of the Word?,procession,,,2026-09-04T17:19:48.899911+00:00,pending
procession exists in god,procession exists in god,procession of the spirit,1,1,AQUINAS_SUMMA_EVID_00487_BODY_01,AQUINAS_SUMMA,Summa Theologica,Thomas Aquinas,487,Article. 3 - Whether any other procession exists in God besides that of the Word?,procession,,,2026-09-04T17:19:48.899911+00:00,pending
procession in,procession in,procession of the spirit,1,1,AQUINAS_SUMMA_EVID_00482_BODY_01,AQUINAS_SUMMA,Summa Theologica,Thomas Aquinas,482,Question. 27 - The Procession of the Divine Persons (Five Articles),procession,,,2026-09-04T17:19:48.899911+00:00,pending
procession of love,procession of love,procession of the spirit,1,1,AQUINAS_SUMMA_EVID_00489_BODY_01,AQUINAS_SUMMA,Summa Theologica,Thomas Aquinas,489,Article. 4 - Whether the procession of love in God is generation?,procession; spirit,,,2026-09-04T17:19:48.899911+00:00,pending
procession of love in,procession of love in,procession of the spirit,1,1,AQUINAS_SUMMA_EVID_00489_BODY_01,AQUINAS_SUMMA,Summa Theologica,Thomas Aquinas,489,Article. 4 - Whether the procession of love in God is generation?,procession; spirit,,,2026-09-04T17:19:48.899911+00:00,pending
procession of sorrow,procession of sorrow,procession of the spirit,1,1,CHARLES_HADDON_SPURGEON_SERMONS09_EVID_00131_BODY_01,CHARLES_HADDON_SPURGEON_SERMONS09,Spurgeon's Sermons Volume 09: 1863,Charles Haddon Spurgeon,131,Sermon 497. The Procession of Sorrow,procession; spirit,,,2026-09-04T17:19:48.899911+00:00,pending
procession of sorrow sermon,procession of sorrow sermon,procession of the spirit,1,1,CHARLES_HADDON_SPURGEON_SERMONS09_EVID_00131_BODY_01,CHARLES_HADDON_SPURGEON_SERMONS09,Spurgeon's Sermons Volume 09: 1863,Charles Haddon Spurgeon,131,Sermon 497. The Procession of Sorrow,procession; spirit,,,2026-09-04T17:19:48.899911+00:00,pending
procession of the divine,procession of the divine,procession of the spirit,1,1,AQUINAS_SUMMA_EVID_00482_BODY_01,AQUINAS_SUMMA,Summa Theologica,Thomas Aquinas,482,Question. 27 - The Procession of the Divine Persons (Five Articles),procession,,,2026-09-04T17:19:48.899911+00:00,pending
processions in,processions in,procession of the spirit,1,1,AQUINAS_SUMMA_EVID_00491_BODY_01,AQUINAS_SUMMA,Summa Theologica,Thomas Aquinas,491,Article. 5 - Whether there are more than two processions in God?,procession,,,2026-09-04T17:19:48.899911+00:00,pending
processions in god,processions in god,procession of the spirit,1,1,AQUINAS_SUMMA_EVID_00491_BODY_01,AQUINAS_SUMMA,Summa Theologica,Thomas Aquinas,491,Article. 5 - Whether there are more than two processions in God?,procession,,,2026-09-04T17:19:48.899911+00:00,pending
question 27 the procession,question 27 the procession,procession of the spirit,1,1,AQUINAS_SUMMA_EVID_00482_BODY_01,AQUINAS_SUMMA,Summa Theologica,Thomas Aquinas,482,Question. 27 - The Procession of the Divine Persons (Five Articles),procession,,,2026-09-04T17:19:48.899911+00:00,pending
question 27 the procession of,question 27 the procession of,procession of the spirit,1,1,AQUINAS_SUMMA_EVID_00482_BODY_01,AQUINAS_SUMMA,Summa Theologica,Thomas Aquinas,482,Question. 27 - The Procession of the Divine Persons (Five Articles),procession,,,2026-09-04T17:19:48.899911+00:00,pending
sermon 497 the procession,sermon 497 the procession,procession of the spirit,1,1,CHARLES_HADDON_SPURGEON_SERMONS09_EVID_00131_BODY_01,CHARLES_HADDON_SPURGEON_SERMONS09,Spurgeon's Sermons Volume 09: 1863,Charles Haddon Spurgeon,131,Sermon 497. The Procession of Sorrow,procession; spirit,,,2026-09-04T17:19:48.899911+00:00,pending
sermon 497 the procession of,sermon 497 the procession of,procession of the spirit,1,1,CHARLES_HADDON_SPURGEON_SERMONS09_EVID_00131_BODY_01,CHARLES_HADDON_SPURGEON_SERMONS09,Spurgeon's Sermons Volume 09: 1863,Charles Haddon Spurgeon,131,Sermon 497. The Procession of Sorrow,procession; spirit,,,2026-09-04T17:19:48.899911+00:00,pending
spirit and his,spirit and his,procession of the spirit,1,1,JOHN_OWEN_PNEUM_EVID_00048_BODY_01,JOHN_OWEN_PNEUM,Pneumatologia,John Owen,48,Chapter I. General principles concerning the Holy Spirit and his work.,spirit,,,2026-09-04T17:19:48.899911+00:00,pending
spirit doctrinal,spirit doctrinal,procession of the spirit,1,1,NPNF1_03_EVID_00232_BODY_01,NPNF1_03,NPNF1-03. On the Holy Trinity; Doctrinal Treatises; Moral Treatises,Augustine of Hippo,232,The Father and the Son the Only Beginning (Principium) of the Holy Spirit.,procession; spirit,,,2026-09-04T17:19:48.899911+00:00,pending
spirit nicene,spirit nicene,procession of the spirit,1,1,PHILIP_SCHAFF_HCC3_EVID_00582_BODY_01,PHILIP_SCHAFF_HCC3,"History of the Christian Church, Volume III: Nicene and Post-Nicene Christianity. A.D. 311-600",Philip Schaff,582,The Doctrine of the Holy Spirit,procession; spirit,,,2026-09-04T17:19:48.899911+00:00,pending
spirit select,spirit select,procession of the spirit,1,1,NPNF2_07_EVID_00654_BODY_01,NPNF2_07,"NPNF2-07. Cyril of Jerusalem, Gregory Nazianzen",Gregory Nazianzen,654,The Fifth Theological Oration. On the Holy Spirit.,procession; spirit,,,2026-09-04T17:19:48.899911+00:00,pending
spirits can,spirits can,procession of the spirit,1,1,NPNF2_11_EVID_00965_BODY_01,NPNF2_11,"NPNF-211. Sulpitius Severus, Vincent of Lerins, John Cassian",John Cassian,965,Chapter XII. The answer how it is that unclean spirits can lord it over those possessed.,spirit,,,2026-09-04T17:19:48.899911+00:00,pending
spirits can lord,spirits can lord,procession of the spirit,1,1,NPNF2_11_EVID_00965_BODY_01,NPNF2_11,"NPNF-211. Sulpitius Severus, Vincent of Lerins, John Cassian",John Cassian,965,Chapter XII. The answer how it is that unclean spirits can lord it over those possessed.,spirit,,,2026-09-04T17:19:48.899911+00:00,pending
spirits can lord it,spirits can lord it,procession of the spirit,1,1,NPNF2_11_EVID_00965_BODY_01,NPNF2_11,"NPNF-211. Sulpitius Severus, Vincent of Lerins, John Cassian",John Cassian,965,Chapter XII. The answer how it is that unclean spirits can lord it over those possessed.,spirit,,,2026-09-04T17:19:48.899911+00:00,pending
than two processions,than two processions,procession of the spirit,1,1,AQUINAS_SUMMA_EVID_00491_BODY_01,AQUINAS_SUMMA,Summa Theologica,Thomas Aquinas,491,Article. 5 - Whether there are more than two processions in God?,procession,,,2026-09-04T17:19:48.899911+00:00,pending
than two processions in,than two processions in,procession of the spirit,1,1,AQUINAS_SUMMA_EVID_00491_BODY_01,AQUINAS_SUMMA,Summa Theologica,Thomas Aquinas,491,Article. 5 - Whether there are more than two processions in God?,procession,,,2026-09-04T17:19:48.899911+00:00,pending
than two processions in god,than two processions in god,procession of the spirit,1,1,AQUINAS_SUMMA_EVID_00491_BODY_01,AQUINAS_SUMMA,Summa Theologica,Thomas Aquinas,491,Article. 5 - Whether there are more than two processions in God?,procession,,,2026-09-04T17:19:48.899911+00:00,pending
that unclean spirits,that unclean spirits,procession of the spirit,1,1,NPNF2_11_EVID_00965_BODY_01,NPNF2_11,"NPNF-211. Sulpitius Severus, Vincent of Lerins, John Cassian",John Cassian,965,Chapter XII. The answer how it is that unclean spirits can lord it over those possessed.,spirit,,,2026-09-04T17:19:48.899911+00:00,pending
that unclean spirits can,that unclean spirits can,procession of the spirit,1,1,NPNF2_11_EVID_00965_BODY_01,NPNF2_11,"NPNF-211. Sulpitius Severus, Vincent of Lerins, John Cassian",John Cassian,965,Chapter XII. The answer how it is that unclean spirits can lord it over those possessed.,spirit,,,2026-09-04T17:19:48.899911+00:00,pending
the procession of love,the procession of love,procession of the spirit,1,1,AQUINAS_SUMMA_EVID_00489_BODY_01,AQUINAS_SUMMA,Summa Theologica,Thomas Aquinas,489,Article. 4 - Whether the procession of love in God is generation?,procession; spirit,,,2026-09-04T17:19:48.899911+00:00,pending
the procession of love in,the procession of love in,procession of the spirit,1,1,AQUINAS_SUMMA_EVID_00489_BODY_01,AQUINAS_SUMMA,Summa Theologica,Thomas Aquinas,489,Article. 4 - Whether the procession of love in God is generation?,procession; spirit,,,2026-09-04T17:19:48.899911+00:00,pending
the procession of sorrow,the procession of sorrow,procession of the spirit,1,1,CHARLES_HADDON_SPURGEON_SERMONS09_EVID_00131_BODY_01,CHARLES_HADDON_SPURGEON_SERMONS09,Spurgeon's Sermons Volume 09: 1863,Charles Haddon Spurgeon,131,Sermon 497. The Procession of Sorrow,procession; spirit,,,2026-09-04T17:19:48.899911+00:00,pending
the procession of the divine,the procession of the divine,procession of the spirit,1,1,AQUINAS_SUMMA_EVID_00482_BODY_01,AQUINAS_SUMMA,Summa Theologica,Thomas Aquinas,482,Question. 27 - The Procession of the Divine Persons (Five Articles),procession,,,2026-09-04T17:19:48.899911+00:00,pending
two processions,two processions,procession of the spirit,1,1,AQUINAS_SUMMA_EVID_00491_BODY_01,AQUINAS_SUMMA,Summa Theologica,Thomas Aquinas,491,Article. 5 - Whether there are more than two processions in God?,procession,,,2026-09-04T17:19:48.899911+00:00,pending
unclean spirits,unclean spirits,procession of the spirit,1,1,NPNF2_11_EVID_00965_BODY_01,NPNF2_11,"NPNF-211. Sulpitius Severus, Vincent of Lerins, John Cassian",John Cassian,965,Chapter XII. The answer how it is that unclean spirits can lord it over those possessed.,spirit,,,2026-09-04T17:19:48.899911+00:00,pending
whether the procession,whether the procession,procession of the spirit,1,1,AQUINAS_SUMMA_EVID_00489_BODY_01,AQUINAS_SUMMA,Summa Theologica,Thomas Aquinas,489,Article. 4 - Whether the procession of love in God is generation?,procession; spirit,,,2026-09-04T17:19:48.899911+00:00,pending
whether the procession of,whether the procession of,procession of the spirit,1,1,AQUINAS_SUMMA_EVID_00489_BODY_01,AQUINAS_SUMMA,Summa Theologica,Thomas Aquinas,489,Article. 4 - Whether the procession of love in God is generation?,procession; spirit,,,2026-09-04T17:19:48.899911+00:00,pending
whether the procession of love,whether the procession of love,procession of the spirit,1,1,AQUINAS_SUMMA_EVID_00489_BODY_01,AQUINAS_SUMMA,Summa Theologica,Thomas Aquinas,489,Article. 4 - Whether the procession of love in God is generation?,procession; spirit,,,2026-09-04T17:19:48.899911+00:00,pending
13 the unity of,13 the unity of,relationship between three persons in trinity,1,1,CALVIN_INSTITUTES_EVID_00138_BODY_01,CALVIN_INSTITUTES,The Institutes of the Christian Religion,John Calvin,138,"CHAPTER 13. - THE UNITY OF THE DIVINE ESSENCE IN THREE PERSONS TAUGHT, IN SCRIPTURE, FROM THE FOUNDATION OF THE WORLD.",persons; three; trinity,essence; father; holy spirit; three persons; trinity; unity of god,three~three persons in heading (0); persons~three persons in heading (0); three~three persons in body (0); persons~three persons in body (0),2026-09-04T17:19:48.899911+00:00,pending
13 the unity of the,13 the unity of the,relationship between three persons in trinity,1,1,CALVIN_INSTITUTES_EVID_00138_BODY_01,CALVIN_INSTITUTES,The Institutes of the Christian Religion,John Calvin,138,"CHAPTER 13. - THE UNITY OF THE DIVINE ESSENCE IN THREE PERSONS TAUGHT, IN SCRIPTURE, FROM THE FOUNDATION OF THE WORLD.",persons; three; trinity,essence; father; holy spirit; three persons; trinity; unity of god,three~three persons in heading (0); persons~three persons in heading (0); three~three persons in body (0); persons~three persons in body (0),2026-09-04T17:19:48.899911+00:00,pending
and holy ghost,and holy ghost,relationship between three persons in trinity,1,1,AQUINAS_GENTILES_EVID_00609_BODY_01,AQUINAS_GENTILES,Of God and His Creatures,Thomas Aquinas,609,"Chapter XXVI. That there are only Three Persons in the Godhead, Father and Son and Holy Ghost",persons; relationship; three; trinity,essence; father; holy ghost; three persons; trinity,three~three persons in heading (0); persons~three persons in heading (0); three~three persons in body (0); three~trinity in body (16),2026-09-04T17:19:48.899911+00:00,pending
are more than three,are more than three,relationship between three persons in trinity,1,1,AQUINAS_SUMMA_EVID_00514_BODY_01,AQUINAS_SUMMA,Summa Theologica,Thomas Aquinas,514,Article. 2 - Whether there are more than three persons in God?,persons; three; trinity,father; holy ghost; three persons,three~three persons in heading (0); persons~three persons in heading (0); trinity~three persons in heading (48); three~three persons in body (0),2026-09-04T17:19:48.899911+00:00,pending
are only three persons,are only three persons,relationship between three persons in trinity,1,1,AQUINAS_GENTILES_EVID_00609_BODY_01,AQUINAS_GENTILES,Of God and His Creatures,Thomas Aquinas,609,"Chapter XXVI. That there are only Three Persons in the Godhead, Father and Son and Holy Ghost",persons; relationship; three; trinity,essence; father; holy ghost; three persons; trinity,three~three persons in heading (0); persons~three persons in heading (0); three~three persons in body (0); three~trinity in body (16),2026-09-04T17:19:48.899911+00:00,pending
are only three persons in,are only three persons in,relationship between three persons in trinity,1,1,AQUINAS_GENTILES_EVID_00609_BODY_01,AQUINAS_GENTILES,Of God and His Creatures,Thomas Aquinas,609,"Chapter XXVI. That there are only Three Persons in the Godhead, Father and Son and Holy Ghost",persons; relationship; three; trinity,essence; father; holy ghost; three persons; trinity,three~three persons in heading (0); persons~three persons in heading (0); three~three persons in body (0); three~trinity in body (16),2026-09-04T17:19:48.899911+00:00,pending
are three,are three,relationship between three persons in trinity,1,1,AQUINAS_SUMMA_EVID_00590_BODY_01,AQUINAS_SUMMA,Summa Theologica,Thomas Aquinas,590,Article. 3 - Whether essential names should be predicated in the singular of the three persons?,persons; three; trinity,deity; essence; father; holy ghost; substance; three persons; trinity,three~three persons in heading (0); three~trinity in heading (49); persons~three persons in heading (0); persons~trinity in heading (37),2026-09-04T17:19:48.899911+00:00,pending
chapter vii the trinity,chapter vii the trinity,relationship between three persons in trinity,1,1,LOUIS_BERKHOF_SUMMARY_EVID_00031_BODY_01,LOUIS_BERKHOF_SUMMARY,Summary of Christian Doctrine,Louis Berkhof,31,Chapter VII: The Trinity,persons; three; trinity,essence; father; holy spirit; only begotten; son of god; spirit of god; three persons; trinity; triune,three~three persons in body (0); three~trinity in body (164); persons~three persons in body (0); persons~trinity in body (8),2026-09-04T17:19:48.899911+00:00,pending
common to the three,common to the three,relationship between three persons in trinity,1,1,AQUINAS_SUMMA_EVID_00519_BODY_01,AQUINAS_SUMMA,Summa Theologica,Thomas Aquinas,519,Article. 4 - Whether this term “person” can be common to the three persons?,persons; three; trinity,essence; three persons,three~three persons in heading (0); persons~three persons in heading (0); trinity~three persons in heading (41); three~three persons in body (0),2026-09-04T17:19:48.899911+00:00,pending
common to the three persons,common to the three persons,relationship between three persons in trinity,1,1,AQUINAS_SUMMA_EVID_00519_BODY_01,AQUINAS_SUMMA,Summa Theologica,Thomas Aquinas,519,Article. 4 - Whether this term “person” can be common to the three persons?,persons; three; trinity,essence; three persons,three~three persons in heading (0); persons~three persons in heading (0); trinity~three persons in heading (41); three~three persons in body (0),2026-09-04T17:19:48.899911+00:00,pending
divine person,divine person,relationship between three persons in trinity,1,1,AQUINAS_SUMMA_EVID_00563_BODY_01,AQUINAS_SUMMA,Summa Theologica,Thomas Aquinas,563,Article. 1 - Whether this name “Holy Ghost” is the proper name of one divine person?,persons; three; trinity,father; holy ghost; holy spirit; spirit of god; substance; three persons; trinity,persons~trinity in heading (37); three~three persons in body (0); persons~three persons in body (0); persons~trinity in body (142),2026-09-04T17:19:48.899911+00:00,pending
doctrine of god,doctrine of god,relationship between three persons in trinity,1,1,LOUIS_BERKHOF_SUMMARY_EVID_00031_BODY_01,LOUIS_BERKHOF_SUMMARY,Summary of Christian Doctrine,Louis Berkhof,31,Chapter VII: The Trinity,persons; three; trinity,essence; father; holy spirit; only begotten; son of god; spirit of god; three persons; trinity; triune,three~three persons in body (0); three~trinity in body (164); persons~three persons in body (0); persons~trinity in body (8),2026-09-04T17:19:48.899911+00:00,pending
doctrine of god and,doctrine of god and,relationship between three persons in trinity,1,1,LOUIS_BERKHOF_SUMMARY_EVID_00031_BODY_01,LOUIS_BERKHOF_SUMMARY,Summary of Christian Doctrine,Louis Berkhof,31,Chapter VII: The Trinity,persons; three; trinity,essence; father; holy spirit; only begotten; son of god; spirit of god; three persons; trinity; triune,three~three persons in body (0); three~trinity in body (164); persons~three persons in body (0); persons~trinity in body (8),2026-09-04T17:19:48.899911+00:00,pending
doctrine of god and creation,doctrine of god and creation,relationship between three persons in trinity,1,1,LOUIS_BERKHOF_SUMMARY_EVID_00031_BODY_01,LOUIS_BERKHOF_SUMMARY,Summary of Christian Doctrine,Louis Berkhof,31,Chapter VII: The Trinity,persons; three; trinity,essence; father; holy spirit; only begotten; son of god; spirit of god; three persons; trinity; triune,three~three persons in body (0); three~trinity in body (164); persons~three persons in body (0); persons~trinity in body (8),2026-09-04T17:19:48.899911+00:00,pending
doctrine of the trinity,doctrine of the trinity,relationship between three persons in trinity,1,1,LOUIS_BERKHOF_SYSTEMATICTHEOLOGY_EVID_00075_BODY_01,LOUIS_BERKHOF_SYSTEMATICTHEOLOGY,Systematic Theology,Louis Berkhof,75,VIII. The Holy Trinity,persons; three; trinity,deity; essence; father; holy spirit; holy trinity; three persons; trinity; unity of god,three~three persons in body (0); three~trinity in body (165); persons~three persons in body (0); persons~trinity in body (13),2026-09-04T17:19:48.899911+00:00,pending
essence is,essence is,relationship between three persons in trinity,1,1,AQUINAS_SUMMA_EVID_00586_BODY_01,AQUINAS_SUMMA,Summa Theologica,Thomas Aquinas,586,Article. 1 - Whether in God the essence is the same as the person?,persons; three; trinity,essence; father; substance; three persons; trinity,persons~trinity in heading (37); three~three persons in body (0); persons~three persons in body (0); persons~trinity in body (4),2026-09-04T17:19:48.899911+00:00,pending
essence is the,essence is the,relationship between three persons in trinity,1,1,AQUINAS_SUMMA_EVID_00586_BODY_01,AQUINAS_SUMMA,Summa Theologica,Thomas Aquinas,586,Article. 1 - Whether in God the essence is the same as the person?,persons; three; trinity,essence; father; substance; three persons; trinity,persons~trinity in heading (37); three~three persons in body (0); persons~three persons in body (0); persons~trinity in body (4),2026-09-04T17:19:48.899911+00:00,pending
essence is the same,essence is the same,relationship between three persons in trinity,1,1,AQUINAS_SUMMA_EVID_00586_BODY_01,AQUINAS_SUMMA,Summa Theologica,Thomas Aquinas,586,Article. 1 - Whether in God the essence is the same as the person?,persons; three; trinity,essence; father; substance; three persons; trinity,persons~trinity in heading (37); three~three persons in body (0); persons~three persons in body (0); persons~trinity in body (4),2026-09-04T17:19:48.899911+00:00,pending
god the essence,god the essence,relationship between three persons in trinity,1,1,AQUINAS_SUMMA_EVID_00586_BODY_01,AQUINAS_SUMMA,Summa Theologica,Thomas Aquinas,586,Article. 1 - Whether in God the essence is the same as the person?,persons; three; trinity,essence; father; substance; three persons; trinity,persons~trinity in heading (37); three~three persons in body (0); persons~three persons in body (0); persons~trinity in body (4),2026-09-04T17:19:48.899911+00:00,pending
god the essence is,god the essence is,relationship between three persons in trinity,1,1,AQUINAS_SUMMA_EVID_00586_BODY_01,AQUINAS_SUMMA,Summa Theologica,Thomas Aquinas,586,Article. 1 - Whether in God the essence is the same as the person?,persons; three; trinity,essence; father; substance; three persons; trinity,persons~trinity in heading (37); three~three persons in body (0); persons~three persons in body (0); persons~trinity in body (4),2026-09-04T17:19:48.899911+00:00,pending
holy ghost is,holy ghost is,relationship between three persons in trinity,1,1,AQUINAS_SUMMA_EVID_00563_BODY_01,AQUINAS_SUMMA,Summa Theologica,Thomas Aquinas,563,Article. 1 - Whether this name “Holy Ghost” is the proper name of one divine person?,persons; three; trinity,father; holy ghost; holy spirit; spirit of god; substance; three persons; trinity,persons~trinity in heading (37); three~three persons in body (0); persons~three persons in body (0); persons~trinity in body (142),2026-09-04T17:19:48.899911+00:00,pending
holy ghost is the,holy ghost is the,relationship between three persons in trinity,1,1,AQUINAS_SUMMA_EVID_00563_BODY_01,AQUINAS_SUMMA,Summa Theologica,Thomas Aquinas,563,Article. 1 - Whether this name “Holy Ghost” is the proper name of one divine person?,persons; three; trinity,father; holy ghost; holy spirit; spirit of god; substance; three persons; trinity,persons~trinity in heading (37); three~three persons in body (0); persons~three persons in body (0); persons~trinity in body (142),2026-09-04T17:19:48.899911+00:00,pending
holy trinity part,holy trinity part,relationship between three persons in trinity,1,1,LOUIS_BERKHOF_SYSTEMATICTHEOLOGY_EVID_00081_BODY_01,LOUIS_BERKHOF_SYSTEMATICTHEOLOGY,Systematic Theology,Louis Berkhof,81,VIII. The Holy Trinity,persons; relationship; three; trinity,essence; father; holy spirit; three persons; trinity,relationship~three persons in body (58); relationship~trinity in body (173); three~three persons in body (0); three~trinity in body (110),2026-09-04T17:19:48.899911+00:00,pending
holy trinity part one,holy trinity part one,relationship between three persons in trinity,1,1,LOUIS_BERKHOF_SYSTEMATICTHEOLOGY_EVID_00081_BODY_01,LOUIS_BERKHOF_SYSTEMATICTHEOLOGY,Systematic Theology,Louis Berkhof,81,VIII. The Holy Trinity,persons; relationship; three; trinity,essence; father; holy spirit; three persons; trinity,relationship~three persons in body (58); relationship~trinity in body (173); three~three persons in body (0); three~trinity in body (110),2026-09-04T17:19:48.899911+00:00,pending
in god the essence,in god the essence,relationship between three persons in trinity,1,1,AQUINAS_SUMMA_EVID_00586_BODY_01,AQUINAS_SUMMA,Summa Theologica,Thomas Aquinas,586,Article. 1 - Whether in God the essence is the same as the person?,persons; three; trinity,essence; father; substance; three persons; trinity,persons~trinity in heading (37); three~three persons in body (0); persons~three persons in body (0); persons~trinity in body (4),2026-09-04T17:19:48.899911+00:00,pending
in god the essence is,in god the essence is,relationship between three persons in trinity,1,1,AQUINAS_SUMMA_EVID_00586_BODY_01,AQUINAS_SUMMA,Summa Theologica,Thomas Aquinas,586,Article. 1 - Whether in God the essence is the same as the person?,persons; three; trinity,essence; father; substance; three persons; trinity,persons~trinity in heading (37); three~three persons in body (0); persons~three persons in body (0); persons~trinity in body (4),2026-09-04T17:19:48.899911+00:00,pending
in three persons taught,in three persons taught,relationship between three persons in trinity,1,1,CALVIN_INSTITUTES_EVID_00122_BODY_01,CALVIN_INSTITUTES,The Institutes of the Christian Religion,John Calvin,122,"CHAPTER 13. - THE UNITY OF THE DIVINE ESSENCE IN THREE PERSONS TAUGHT, IN SCRIPTURE, FROM THE FOUNDATION OF THE WORLD.",persons; three; trinity,deity; essence; father; holy spirit; holy trinity; son of god; substance; three persons; trinity,three~three persons in heading (0); persons~three persons in heading (0); three~three persons in body (0); three~trinity in body (167),2026-09-04T17:19:48.899911+00:00,pending
in three persons taught in,in three persons taught in,relationship between three persons in trinity,1,1,CALVIN_INSTITUTES_EVID_00122_BODY_01,CALVIN_INSTITUTES,The Institutes of the Christian Religion,John Calvin,122,"CHAPTER 13. - THE UNITY OF THE DIVINE ESSENCE IN THREE PERSONS TAUGHT, IN SCRIPTURE, FROM THE FOUNDATION OF THE WORLD.",persons; three; trinity,deity; essence; father; holy spirit; holy trinity; son of god; substance; three persons; trinity,three~three persons in heading (0); persons~three persons in heading (0); three~three persons in body (0); three~trinity in body (167),2026-09-04T17:19:48.899911+00:00,pending
is trinity,is trinity,relationship between three persons in trinity,1,1,AQUINAS_SUMMA_EVID_00522_BODY_01,AQUINAS_SUMMA,Summa Theologica,Thomas Aquinas,522,Article. 1 - Whether there is trinity in God?,persons; three; trinity,deity; essence; father; substance; three persons; trinity,three~three persons in body (0); three~trinity in body (15); persons~three persons in body (0); persons~trinity in body (15),2026-09-04T17:19:48.899911+00:00,pending
is trinity in,is trinity in,relationship between three persons in trinity,1,1,AQUINAS_SUMMA_EVID_00522_BODY_01,AQUINAS_SUMMA,Summa Theologica,Thomas Aquinas,522,Article. 1 - Whether there is trinity in God?,persons; three; trinity,deity; essence; father; substance; three persons; trinity,three~three persons in body (0); three~trinity in body (15); persons~three persons in body (0); persons~trinity in body (15),2026-09-04T17:19:48.899911+00:00,pending
is trinity in god,is trinity in god,relationship between three persons in trinity,1,1,AQUINAS_SUMMA_EVID_00522_BODY_01,AQUINAS_SUMMA,Summa Theologica,Thomas Aquinas,522,Article. 1 - Whether there is trinity in God?,persons; three; trinity,deity; essence; father; substance; three persons; trinity,three~three persons in body (0); three~trinity in body (15); persons~three persons in body (0); persons~trinity in body (15),2026-09-04T17:19:48.899911+00:00,pending
more than three persons,more than three persons,relationship between three persons in trinity,1,1,AQUINAS_SUMMA_EVID_00514_BODY_01,AQUINAS_SUMMA,Summa Theologica,Thomas Aquinas,514,Article. 2 - Whether there are more than three persons in God?,persons; three; trinity,father; holy ghost; three persons,three~three persons in heading (0); persons~three persons in heading (0); trinity~three persons in heading (48); three~three persons in body (0),2026-09-04T17:19:48.899911+00:00,pending
more than three persons in,more than three persons in,relationship between three persons in trinity,1,1,AQUINAS_SUMMA_EVID_00514_BODY_01,AQUINAS_SUMMA,Summa Theologica,Thomas Aquinas,514,Article. 2 - Whether there are more than three persons in God?,persons; three; trinity,father; holy ghost; three persons,three~three persons in heading (0); persons~three persons in heading (0); trinity~three persons in heading (48); three~three persons in body (0),2026-09-04T17:19:48.899911+00:00,pending
name holy ghost,name holy ghost,relationship between three persons in trinity,1,1,AQUINAS_SUMMA_EVID_00563_BODY_01,AQUINAS_SUMMA,Summa Theologica,Thomas Aquinas,563,Article. 1 - Whether this name “Holy Ghost” is the proper name of one divine person?,persons; three; trinity,father; holy ghost; holy spirit; spirit of god; substance; three persons; trinity,persons~trinity in heading (37); three~three persons in body (0); persons~three persons in body (0); persons~trinity in body (142),2026-09-04T17:19:48.899911+00:00,pending
name holy ghost is,name holy ghost is,relationship between three persons in trinity,1,1,AQUINAS_SUMMA_EVID_00563_BODY_01,AQUINAS_SUMMA,Summa Theologica,Thomas Aquinas,563,Article. 1 - Whether this name “Holy Ghost” is the proper name of one divine person?,persons; three; trinity,father; holy ghost; holy spirit; spirit of god; substance; three persons; trinity,persons~trinity in heading (37); three~three persons in body (0); persons~three persons in body (0); persons~trinity in body (142),2026-09-04T17:19:48.899911+00:00,pending
of god and creation,of god and creation,relationship between three persons in trinity,1,1,LOUIS_BERKHOF_SUMMARY_EVID_00031_BODY_01,LOUIS_BERKHOF_SUMMARY,Summary of Christian Doctrine,Louis Berkhof,31,Chapter VII: The Trinity,persons; three; trinity,essence; father; holy spirit; only begotten; son of god; spirit of god; three persons; trinity; triune,three~three persons in body (0); three~trinity in body (164); persons~three persons in body (0); persons~trinity in body (8),2026-09-04T17:19:48.899911+00:00,pending
of one divine person,of one divine person,relationship between three persons in trinity,1,1,AQUINAS_SUMMA_EVID_00563_BODY_01,AQUINAS_SUMMA,Summa Theologica,Thomas Aquinas,563,Article. 1 - Whether this name “Holy Ghost” is the proper name of one divine person?,persons; three; trinity,father; holy ghost; holy spirit; spirit of god; substance; three persons; trinity,persons~trinity in heading (37); three~three persons in body (0); persons~three persons in body (0); persons~trinity in body (142),2026-09-04T17:19:48.899911+00:00,pending
of the three persons in,of the three persons in,relationship between three persons in trinity,1,1,AQUINAS_SUMMA_EVID_00590_BODY_01,AQUINAS_SUMMA,Summa Theologica,Thomas Aquinas,590,Article. 3 - Whether essential names should be predicated in the singular of the three persons?,persons; three; trinity,deity; essence; father; holy ghost; substance; three persons; trinity,three~three persons in heading (0); three~trinity in heading (49); persons~three persons in heading (0); persons~trinity in heading (37),2026-09-04T17:19:48.899911+00:00,pending
of three persons scripture nowhere,of three persons scripture nowhere,relationship between three persons in trinity,1,1,NPNF1_03_EVID_00261_BODY_01,NPNF1_03,NPNF1-03. On the Holy Trinity; Doctrinal Treatises; Moral Treatises,Augustine of Hippo,261,"How It Was Brought About that the Greeks Speak of Three Hypostases, the Latins of Three Persons. Scripture Nowhere Speaks of Three Persons in One God.",persons; three; trinity,essence; father; holy spirit; substance; three persons,three~three persons in heading (0); persons~three persons in heading (0); trinity~three persons in heading (63); three~three persons in body (0),2026-09-04T17:19:48.899911+00:00,pending
only three persons,only three persons,relationship between three persons in trinity,1,1,AQUINAS_GENTILES_EVID_00609_BODY_01,AQUINAS_GENTILES,Of God and His Creatures,Thomas Aquinas,609,"Chapter XXVI. That there are only Three Persons in the Godhead, Father and Son and Holy Ghost",persons; relationship; three; trinity,essence; father; holy ghost; three persons; trinity,three~three persons in heading (0); persons~three persons in heading (0); three~three persons in body (0); three~trinity in body (16),2026-09-04T17:19:48.899911+00:00,pending
only three persons in,only three persons in,relationship between three persons in trinity,1,1,AQUINAS_GENTILES_EVID_00609_BODY_01,AQUINAS_GENTILES,Of God and His Creatures,Thomas Aquinas,609,"Chapter XXVI. That there are only Three Persons in the Godhead, Father and Son and Holy Ghost",persons; relationship; three; trinity,essence; father; holy ghost; three persons; trinity,three~three persons in heading (0); persons~three persons in heading (0); three~three persons in body (0); three~trinity in body (16),2026-09-04T17:19:48.899911+00:00,pending
only three persons in the,only three persons in the,relationship between three persons in trinity,1,1,AQUINAS_GENTILES_EVID_00609_BODY_01,AQUINAS_GENTILES,Of God and His Creatures,Thomas Aquinas,609,"Chapter XXVI. That there are only Three Persons in the Godhead, Father and Son and Holy Ghost",persons; relationship; three; trinity,essence; father; holy ghost; three persons; trinity,three~three persons in heading (0); persons~three persons in heading (0); three~three persons in body (0); three~trinity in body (16),2026-09-04T17:19:48.899911+00:00,pending
person can,person can,relationship between three persons in trinity,1,1,AQUINAS_SUMMA_EVID_00519_BODY_01,AQUINAS_SUMMA,Summa Theologica,Thomas Aquinas,519,Article. 4 - Whether this term “person” can be common to the three persons?,persons; three; trinity,essence; three persons,three~three persons in heading (0); persons~three persons in heading (0); trinity~three persons in heading (41); three~three persons in body (0),2026-09-04T17:19:48.899911+00:00,pending
person is,person is,relationship between three persons in trinity,1,1,AQUINAS_SUMMA_EVID_00519_BODY_01,AQUINAS_SUMMA,Summa Theologica,Thomas Aquinas,519,Article. 4 - Whether this term “person” can be common to the three persons?,persons; three; trinity,essence; three persons,three~three persons in heading (0); persons~three persons in heading (0); trinity~three persons in heading (41); three~three persons in body (0),2026-09-04T17:19:48.899911+00:00,pending
persons are,persons are,relationship between three persons in trinity,1,1,AQUINAS_SUMMA_EVID_00588_BODY_01,AQUINAS_SUMMA,Summa Theologica,Thomas Aquinas,588,Article. 2 - Whether it must be said that the three persons are of one essence?,persons; three; trinity,essence; father; holy ghost; homoousion; substance; three persons,three~three persons in heading (0); persons~three persons in heading (0); trinity~three persons in heading (60); three~three persons in body (0),2026-09-04T17:19:48.899911+00:00,pending
persons can,persons can,relationship between three persons in trinity,1,1,AQUINAS_SUMMA_EVID_00598_BODY_01,AQUINAS_SUMMA,Summa Theologica,Thomas Aquinas,598,Article. 6 - Whether the persons can be predicated of the essential terms?,persons; three; trinity,essence; father; holy ghost; three persons; trinity,persons~trinity in heading (37); three~three persons in body (0); three~trinity in body (26); persons~three persons in body (0),2026-09-04T17:19:48.899911+00:00,pending
persons can be,persons can be,relationship between three persons in trinity,1,1,AQUINAS_SUMMA_EVID_00598_BODY_01,AQUINAS_SUMMA,Summa Theologica,Thomas Aquinas,598,Article. 6 - Whether the persons can be predicated of the essential terms?,persons; three; trinity,essence; father; holy ghost; three persons; trinity,persons~trinity in heading (37); three~three persons in body (0); three~trinity in body (26); persons~three persons in body (0),2026-09-04T17:19:48.899911+00:00,pending
persons can be predicated,persons can be predicated,relationship between three persons in trinity,1,1,AQUINAS_SUMMA_EVID_00598_BODY_01,AQUINAS_SUMMA,Summa Theologica,Thomas Aquinas,598,Article. 6 - Whether the persons can be predicated of the essential terms?,persons; three; trinity,essence; father; holy ghost; three persons; trinity,persons~trinity in heading (37); three~three persons in body (0); three~trinity in body (26); persons~three persons in body (0),2026-09-04T17:19:48.899911+00:00,pending
persons in god,persons in god,relationship between three persons in trinity,1,1,AQUINAS_SUMMA_EVID_00514_BODY_01,AQUINAS_SUMMA,Summa Theologica,Thomas Aquinas,514,Article. 2 - Whether there are more than three persons in God?,persons; three; trinity,father; holy ghost; three persons,three~three persons in heading (0); persons~three persons in heading (0); trinity~three persons in heading (48); three~three persons in body (0),2026-09-04T17:19:48.899911+00:00,pending
singular of the three,singular of the three,relationship between three persons in trinity,1,1,AQUINAS_SUMMA_EVID_00590_BODY_01,AQUINAS_SUMMA,Summa Theologica,Thomas Aquinas,590,Article. 3 - Whether essential names should be predicated in the singular of the three persons?,persons; three; trinity,deity; essence; father; holy ghost; substance; three persons; trinity,three~three persons in heading (0); three~trinity in heading (49); persons~three persons in heading (0); persons~trinity in heading (37),2026-09-04T17:19:48.899911+00:00,pending
singular of the three persons,singular of the three persons,relationship between three persons in trinity,1,1,AQUINAS_SUMMA_EVID_00590_BODY_01,AQUINAS_SUMMA,Summa Theologica,Thomas Aquinas,590,Article. 3 - Whether essential names should be predicated in the singular of the three persons?,persons; three; trinity,deity; essence; father; holy ghost; substance; three persons; trinity,three~three persons in heading (0); three~trinity in heading (49); persons~three persons in heading (0); persons~trinity in heading (37),2026-09-04T17:19:48.899911+00:00,pending
son and holy ghost,son and holy ghost,relationship between three persons in trinity,1,1,AQUINAS_GENTILES_EVID_00609_BODY_01,AQUINAS_GENTILES,Of God and His Creatures,Thomas Aquinas,609,"Chapter XXVI. That there are only Three Persons in the Godhead, Father and Son and Holy Ghost",persons; relationship; three; trinity,essence; father; holy ghost; three persons; trinity,three~three persons in heading (0); persons~three persons in heading (0); three~three persons in body (0); three~trinity in body (16),2026-09-04T17:19:48.899911+00:00,pending
term person,term person,relationship between three persons in trinity,1,1,AQUINAS_SUMMA_EVID_00519_BODY_01,AQUINAS_SUMMA,Summa Theologica,Thomas Aquinas,519,Article. 4 - Whether this term “person” can be common to the three persons?,persons; three; trinity,essence; three persons,three~three persons in heading (0); persons~three persons in heading (0); trinity~three persons in heading (41); three~three persons in body (0),2026-09-04T17:19:48.899911+00:00,pending
than three persons,than three persons,relationship between three persons in trinity,1,1,AQUINAS_SUMMA_EVID_00514_BODY_01,AQUINAS_SUMMA,Summa Theologica,Thomas Aquinas,514,Article. 2 - Whether there are more than three persons in God?,persons; three; trinity,father; holy ghost; three persons,three~three persons in heading (0); persons~three persons in heading (0); trinity~three persons in heading (48); three~three persons in body (0),2026-09-04T17:19:48.899911+00:00,pending
than three persons in,than three persons in,relationship between three persons in trinity,1,1,AQUINAS_SUMMA_EVID_00514_BODY_01,AQUINAS_SUMMA,Summa Theologica,Thomas Aquinas,514,Article. 2 - Whether there are more than three persons in God?,persons; three; trinity,father; holy ghost; three persons,three~three persons in heading (0); persons~three persons in heading (0); trinity~three persons in heading (48); three~three persons in body (0),2026-09-04T17:19:48.899911+00:00,pending
than three persons in god,than three persons in god,relationship between three persons in trinity,1,1,AQUINAS_SUMMA_EVID_00514_BODY_01,AQUINAS_SUMMA,Summa Theologica,Thomas Aquinas,514,Article. 2 - Whether there are more than three persons in God?,persons; three; trinity,father; holy ghost; three persons,three~three persons in heading (0); persons~three persons in heading (0); trinity~three persons in heading (48); three~three persons in body (0),2026-09-04T17:19:48.899911+00:00,pending
the doctrine of god,the doctrine of god,relationship between three persons in trinity,1,1,LOUIS_BERKHOF_SUMMARY_EVID_00031_BODY_01,LOUIS_BERKHOF_SUMMARY,Summary of Christian Doctrine,Louis Berkhof,31,Chapter VII: The Trinity,persons; three; trinity,essence; father; holy spirit; only begotten; son of god; spirit of god; three persons; trinity; triune,three~three persons in body (0); three~trinity in body (164); persons~three persons in body (0); persons~trinity in body (8),2026-09-04T17:19:48.899911+00:00,pending
the doctrine of god and,the doctrine of god and,relationship between three persons in trinity,1,1,LOUIS_BERKHOF_SUMMARY_EVID_00031_BODY_01,LOUIS_BERKHOF_SUMMARY,Summary of Christian Doctrine,Louis Berkhof,31,Chapter VII: The Trinity,persons; three; trinity,essence; father; holy spirit; only begotten; son of god; spirit of god; three persons; trinity; triune,three~three persons in body (0); three~trinity in body (164); persons~three persons in body (0); persons~trinity in body (8),2026-09-04T17:19:48.899911+00:00,pending
the essence is,the essence is,relationship between three persons in trinity,1,1,AQUINAS_SUMMA_EVID_00586_BODY_01,AQUINAS_SUMMA,Summa Theologica,Thomas Aquinas,586,Article. 1 - Whether in God the essence is the same as the person?,persons; three; trinity,essence; father; substance; three persons; trinity,persons~trinity in heading (37); three~three persons in body (0); persons~three persons in body (0); persons~trinity in body (4),2026-09-04T17:19:48.899911+00:00,pending
the holy trinity part,the holy trinity part,relationship between three persons in trinity,1,1,LOUIS_BERKHOF_SYSTEMATICTHEOLOGY_EVID_00081_BODY_01,LOUIS_BERKHOF_SYSTEMATICTHEOLOGY,Systematic Theology,Louis Berkhof,81,VIII. The Holy Trinity,persons; relationship; three; trinity,essence; father; holy spirit; three persons; trinity,relationship~three persons in body (58); relationship~trinity in body (173); three~three persons in body (0); three~trinity in body (110),2026-09-04T17:19:48.899911+00:00,pending
the holy trinity part one,the holy trinity part one,relationship between three persons in trinity,1,1,LOUIS_BERKHOF_SYSTEMATICTHEOLOGY_EVID_00081_BODY_01,LOUIS_BERKHOF_SYSTEMATICTHEOLOGY,Systematic Theology,Louis Berkhof,81,VIII. The Holy Trinity,persons; relationship; three; trinity,essence; father; holy spirit; three persons; trinity,relationship~three persons in body (58); relationship~trinity in body (173); three~three persons in body (0); three~trinity in body (110),2026-09-04T17:19:48.899911+00:00,pending
the persons can,the persons can,relationship between three persons in trinity,1,1,AQUINAS_SUMMA_EVID_00598_BODY_01,AQUINAS_SUMMA,Summa Theologica,Thomas Aquinas,598,Article. 6 - Whether the persons can be predicated of the essential terms?,persons; three; trinity,essence; father; holy ghost; three persons; trinity,persons~trinity in heading (37); three~three persons in body (0); three~trinity in body (26); persons~three persons in body (0),2026-09-04T17:19:48.899911+00:00,pending
the persons can be,the persons can be,relationship between three persons in trinity,1,1,AQUINAS_SUMMA_EVID_00598_BODY_01,AQUINAS_SUMMA,Summa Theologica,Thomas Aquinas,598,Article. 6 - Whether the persons can be predicated of the essential terms?,persons; three; trinity,essence; father; holy ghost; three persons; trinity,persons~trinity in heading (37); three~three persons in body (0); three~trinity in body (26); persons~three persons in body (0),2026-09-04T17:19:48.899911+00:00,pending
the persons can be predicated,the persons can be predicated,relationship between three persons in trinity,1,1,AQUINAS_SUMMA_EVID_00598_BODY_01,AQUINAS_SUMMA,Summa Theologica,Thomas Aquinas,598,Article. 6 - Whether the persons can be predicated of the essential terms?,persons; three; trinity,essence; father; holy ghost; three persons; trinity,persons~trinity in heading (37); three~three persons in body (0); three~trinity in body (26); persons~three persons in body (0),2026-09-04T17:19:48.899911+00:00,pending
the three persons in,the three persons in,relationship between three persons in trinity,1,1,AQUINAS_SUMMA_EVID_00590_BODY_01,AQUINAS_SUMMA,Summa Theologica,Thomas Aquinas,590,Article. 3 - Whether essential names should be predicated in the singular of the three persons?,persons; three; trinity,deity; essence; father; holy ghost; substance; three persons; trinity,three~three persons in heading (0); three~trinity in heading (49); persons~three persons in heading (0); persons~trinity in heading (37),2026-09-04T17:19:48.899911+00:00,pending
the three persons in the,the three persons in the,relationship between three persons in trinity,1,1,AQUINAS_SUMMA_EVID_00590_BODY_01,AQUINAS_SUMMA,Summa Theologica,Thomas Aquinas,590,Article. 3 - Whether essential names should be predicated in the singular of the three persons?,persons; three; trinity,deity; essence; father; holy ghost; substance; three persons; trinity,three~three persons in heading (0); three~trinity in heading (49); persons~three persons in heading (0); persons~trinity in heading (37),2026-09-04T17:19:48.899911+00:00,pending
the unity of god,the unity of god,relationship between three persons in trinity,1,1,LOUIS_BERKHOF_SYSTEMATICTHEOLOGY_EVID_00075_BODY_01,LOUIS_BERKHOF_SYSTEMATICTHEOLOGY,Systematic Theology,Louis Berkhof,75,VIII. The Holy Trinity,persons; three; trinity,deity; essence; father; holy spirit; holy trinity; three persons; trinity; unity of god,three~three persons in body (0); three~trinity in body (165); persons~three persons in body (0); persons~trinity in body (13),2026-09-04T17:19:48.899911+00:00,pending
the unity of god and,the unity of god and,relationship between three persons in trinity,1,1,LOUIS_BERKHOF_SYSTEMATICTHEOLOGY_EVID_00075_BODY_01,LOUIS_BERKHOF_SYSTEMATICTHEOLOGY,Systematic Theology,Louis Berkhof,75,VIII. The Holy Trinity,persons; three; trinity,deity; essence; father; holy spirit; holy trinity; three persons; trinity; unity of god,three~three persons in body (0); three~trinity in body (165); persons~three persons in body (0); persons~trinity in body (13),2026-09-04T17:19:48.899911+00:00,pending
there is trinity,there is trinity,relationship between three persons in trinity,1,1,AQUINAS_SUMMA_EVID_00522_BODY_01,AQUINAS_SUMMA,Summa Theologica,Thomas Aquinas,522,Article. 1 - Whether there is trinity in God?,persons; three; trinity,deity; essence; father; substance; three persons; trinity,three~three persons in body (0); three~trinity in body (15); persons~three persons in body (0); persons~trinity in body (15),2026-09-04T17:19:48.899911+00:00,pending
there is trinity in,there is trinity in,relationship between three persons in trinity,1,1,AQUINAS_SUMMA_EVID_00522_BODY_01,AQUINAS_SUMMA,Summa Theologica,Thomas Aquinas,522,Article. 1 - Whether there is trinity in God?,persons; three; trinity,deity; essence; father; substance; three persons; trinity,three~three persons in body (0); three~trinity in body (15); persons~three persons in body (0); persons~trinity in body (15),2026-09-04T17:19:48.899911+00:00,pending
this name holy ghost,this name holy ghost,relationship between three persons in trinity,1,1,AQUINAS_SUMMA_EVID_00563_BODY_01,AQUINAS_SUMMA,Summa Theologica,Thomas Aquinas,563,Article. 1 - Whether this name “Holy Ghost” is the proper name of one divine person?,persons; three; trinity,father; holy ghost; holy spirit; spirit of god; substance; three persons; trinity,persons~trinity in heading (37); three~three persons in body (0); persons~three persons in body (0); persons~trinity in body (142),2026-09-04T17:19:48.899911+00:00,pending
this name holy ghost is,this name holy ghost is,relationship between three persons in trinity,1,1,AQUINAS_SUMMA_EVID_00563_BODY_01,AQUINAS_SUMMA,Summa Theologica,Thomas Aquinas,563,Article. 1 - Whether this name “Holy Ghost” is the proper name of one divine person?,persons; three; trinity,father; holy ghost; holy spirit; spirit of god; substance; three persons; trinity,persons~trinity in heading (37); three~three persons in body (0); persons~three persons in body (0); persons~trinity in body (142),2026-09-04T17:19:48.899911+00:00,pending
this term person,this term person,relationship between three persons in trinity,1,1,AQUINAS_SUMMA_EVID_00519_BODY_01,AQUINAS_SUMMA,Summa Theologica,Thomas Aquinas,519,Article. 4 - Whether this term “person” can be common to the three persons?,persons; three; trinity,essence; three persons,three~three persons in heading (0); persons~three persons in heading (0); trinity~three persons in heading (41); three~three persons in body (0),2026-09-04T17:19:48.899911+00:00,pending
three persons in god,three persons in god,relationship between three persons in trinity,1,1,AQUINAS_SUMMA_EVID_00514_BODY_01,AQUINAS_SUMMA,Summa Theologica,Thomas Aquinas,514,Article. 2 - Whether there are more than three persons in God?,persons; three; trinity,father; holy ghost; three persons,three~three persons in heading (0); persons~three persons in heading (0); trinity~three persons in heading (48); three~three persons in body (0),2026-09-04T17:19:48.899911+00:00,pending
three persons in the,three persons in the,relationship between three persons in trinity,1,1,AQUINAS_GENTILES_EVID_00609_BODY_01,AQUINAS_GENTILES,Of God and His Creatures,Thomas Aquinas,609,"Chapter XXVI. That there are only Three Persons in the Godhead, Father and Son and Holy Ghost",persons; relationship; three; trinity,essence; father; holy ghost; three persons; trinity,three~three persons in heading (0); persons~three persons in heading (0); three~three persons in body (0); three~trinity in body (16),2026-09-04T17:19:48.899911+00:00,pending
to the three persons,to the three persons,relationship between three persons in trinity,1,1,AQUINAS_SUMMA_EVID_00519_BODY_01,AQUINAS_SUMMA,Summa Theologica,Thomas Aquinas,519,Article. 4 - Whether this term “person” can be common to the three persons?,persons; three; trinity,essence; three persons,three~three persons in heading (0); persons~three persons in heading (0); trinity~three persons in heading (41); three~three persons in body (0),2026-09-04T17:19:48.899911+00:00,pending
trinity in,trinity in,relationship between three persons in trinity,1,1,AQUINAS_SUMMA_EVID_00522_BODY_01,AQUINAS_SUMMA,Summa Theologica,Thomas Aquinas,522,Article. 1 - Whether there is trinity in God?,persons; three; trinity,deity; essence; father; substance; three persons; trinity,three~three persons in body (0); three~trinity in body (15); persons~three persons in body (0); persons~trinity in body (15),2026-09-04T17:19:48.899911+00:00,pending
trinity in god,trinity in god,relationship between three persons in trinity,1,1,AQUINAS_SUMMA_EVID_00522_BODY_01,AQUINAS_SUMMA,Summa Theologica,Thomas Aquinas,522,Article. 1 - Whether there is trinity in God?,persons; three; trinity,deity; essence; father; substance; three persons; trinity,three~three persons in body (0); three~trinity in body (15); persons~three persons in body (0); persons~trinity in body (15),2026-09-04T17:19:48.899911+00:00,pending
trinity is,trinity is,relationship between three persons in trinity,1,1,AQUINAS_SUMMA_EVID_00522_BODY_01,AQUINAS_SUMMA,Summa Theologica,Thomas Aquinas,522,Article. 1 - Whether there is trinity in God?,persons; three; trinity,deity; essence; father; substance; three persons; trinity,three~three persons in body (0); three~trinity in body (15); persons~three persons in body (0); persons~trinity in body (15),2026-09-04T17:19:48.899911+00:00,pending
unity of god and,unity of god and,relationship between three persons in trinity,1,1,LOUIS_BERKHOF_SYSTEMATICTHEOLOGY_EVID_00075_BODY_01,LOUIS_BERKHOF_SYSTEMATICTHEOLOGY,Systematic Theology,Louis Berkhof,75,VIII. The Holy Trinity,persons; three; trinity,deity; essence; father; holy spirit; holy trinity; three persons; trinity; unity of god,three~three persons in body (0); three~trinity in body (165); persons~three persons in body (0); persons~trinity in body (13),2026-09-04T17:19:48.899911+00:00,pending
vii the trinity,vii the trinity,relationship between three persons in trinity,1,1,LOUIS_BERKHOF_SUMMARY_EVID_00031_BODY_01,LOUIS_BERKHOF_SUMMARY,Summary of Christian Doctrine,Louis Berkhof,31,Chapter VII: The Trinity,persons; three; trinity,essence; father; holy spirit; only begotten; son of god; spirit of god; three persons; trinity; triune,three~three persons in body (0); three~trinity in body (164); persons~three persons in body (0); persons~trinity in body (8),2026-09-04T17:19:48.899911+00:00,pending
whether the persons,whether the persons,relationship between three persons in trinity,1,1,AQUINAS_SUMMA_EVID_00598_BODY_01,AQUINAS_SUMMA,Summa Theologica,Thomas Aquinas,598,Article. 6 - Whether the persons can be predicated of the essential terms?,persons; three; trinity,essence; father; holy ghost; three persons; trinity,persons~trinity in heading (37); three~three persons in body (0); three~trinity in body (26); persons~three persons in body (0),2026-09-04T17:19:48.899911+00:00,pending
